{"title":"Hollywood","name":"Velvet Margarita Cantina","alt":null,"address":"1612 N Cahuenga Blvd","directions":null,"phone":"+1 323 469-2000","tollfree":null,"email":null,"fax":null,"url":"http://www.velvetmargarita.com","hours":"M-F 11:30AM-2AM, Sa-Su 6PM-2AM","checkin":null,"checkout":null,"image":null,"price":null,"content":"Dark lounge inspired by Dia de los Muertos. Lots of tequila, beer, and of course margaritas.","geo":{"lat":34.100283,"lon":-118.329361},"activity":"drink","type":"landmark","id":11786,"country":"United States","city":"Los Angeles","state":"California"}