{"title":"Marina del Rey","name":"Hilton Garden Inn","alt":null,"address":"4200 Admiralty Way","directions":null,"phone":"+1-310-301-2000","tollfree":null,"email":null,"fax":"+1-424-289-3905","url":"http://www.hiltongardeninn.com/","hours":null,"checkin":null,"checkout":null,"image":null,"price":null,"content":"134 comfortable rooms near Marina Beach. Walking distance to Venice Beach. Pool, whirlpool, complimentary WiFi, mini-refrigerators in all rooms; restaurant on site.","geo":{"lat":33.98371,"lon":-118.45747},"activity":"sleep","type":"landmark","id":17597,"country":"United States","city":null,"state":"California"}