{"title":"San Francisco/Chinatown-North Beach","name":"St. Mary's Park","alt":"聖瑪利公園","address":null,"directions":"south side of California St, opposite Old St. Mary's Church","phone":null,"tollfree":null,"email":null,"fax":null,"url":null,"hours":"6AM-10PM","checkin":null,"checkout":null,"image":null,"price":null,"content":"This park boasts an Art Deco statue of Sun Yat-Sen, created by sculptor Benny Bufano in the 1930s.  It also has a plaque commemorating those soldiers of Chinese ancestry that died in both World Wars.","geo":{"lat":37.792,"lon":-122.4052},"activity":"see","type":"landmark","id":25420,"country":"United States","city":"San Francisco","state":"California"}