{"title":"Oxford","name":"Oxford University Parks","alt":null,"address":null,"directions":"entrances at Parks Road, Norham Gardens, and South Parks road, near Linacre College","phone":null,"tollfree":null,"email":null,"fax":null,"url":"http://www.parks.ox.ac.uk/","hours":"Closing times vary according to the season","checkin":null,"checkout":null,"image":null,"price":null,"content":"Large expanse of park along the Cherwell River with paths running from Marston to the City Centre.","geo":{"lat":51.76209,"lon":-1.25455},"activity":"see","type":"landmark","id":21519,"country":"United Kingdom","city":"Oxford","state":"England"}