{"title":"Wales Coast Path","name":"Tresaith beach","alt":null,"address":null,"directions":null,"phone":null,"tollfree":null,"email":null,"fax":null,"url":"http://www.blueflag.org/menu/awarded-sites/2012/northern-hemisphere/wales/wales/tresaith","hours":null,"checkin":null,"checkout":null,"image":"https://en.wikivoyage.org/wiki/File:Tresaith from the coast path - geograph.org.uk - 1626119.jpg","price":null,"content":"Blue Flag beach","geo":{"lat":52.135582,"lon":-4.517788},"activity":"do","type":"landmark","id":40060,"country":"United Kingdom","city":"Tresaith","state":"Wales","image_direct_url":"https://upload.wikimedia.org/wikipedia/commons/2/26/Tresaith_from_the_coast_path_-_geograph.org.uk_-_1626119.jpg"}