{"title":"San Diego/Point Loma-Ocean Beach","name":"Ocean Beach","alt":null,"address":"Main lifeguard station at 1950 Abbott St","directions":null,"phone":null,"tollfree":null,"email":null,"fax":null,"url":"http://www.sandiego.gov/lifeguards/beaches/ob.shtml","hours":null,"checkin":null,"checkout":null,"image":null,"price":null,"content":"A large sandy beach, which cater to just about every beach-going type, offering designated surfing and swimming zones, which are monitored by the local life guards.","geo":{"lat":32.74893,"lon":-117.25296},"activity":"do","type":"landmark","id":25306,"country":"United States","city":"San Diego","state":"California"}