{"title":"Manchester/Victoria-Shopping District","name":"Sachas Hotel","alt":null,"address":"Tib Street Manchester","directions":null,"phone":null,"tollfree":null,"email":null,"fax":null,"url":"http://www.sachashotelmanchester.com/","hours":null,"checkin":null,"checkout":null,"image":null,"price":"From £26 for a single room","content":"The Britannia Sachas is a popular hotel located near Manchester city centre. Its Tripadvisor reviews page makes for famously entertaining reading.","geo":{"lat":53.48214,"lon":-2.23701},"activity":"sleep","type":"landmark","id":17414,"country":"United Kingdom","city":"Manchester","state":"England"}