{"title":"Llandysul","name":"Llandysul & District Local History Society Exhibition","alt":"Local History Exhibition","address":"Llandysul Library, Canolfan Ceredigion, Llandysul, SA44 4QS","directions":null,"phone":"+44 1559 363 201","tollfree":null,"email":"hanesllandysul@gmail.com","fax":null,"url":"http://www.hanesllandysulhistory.co.uk","hours":"Weekdays 9am-5pm Saturday 10am-1pm","checkin":null,"checkout":null,"image":null,"price":"Free","content":"“In Remembrance of our WW1 Heroes & Heroines: An Exhibition dedicated to all those who served from Llandysul and the surrounding areas” Open until March 2016.","geo":{"lat":52.04237,"lon":-4.307528},"activity":"see","type":"landmark","id":38015,"country":"United Kingdom","city":null,"state":"Wales"}