{"title":"Birmingham (England)","name":"Chennai Dosa","alt":null,"address":"169-171 Hagley Road","directions":null,"phone":"+44 121 454 1111","tollfree":null,"email":null,"fax":null,"url":null,"hours":null,"checkin":null,"checkout":null,"image":null,"price":null,"content":"Edgbaston. A popular restaurant serving South Indian cuisine, which is known for it's Dosas. Has vegan options. £5-10.","geo":{"lat":52.47209,"lon":-1.93093},"activity":"eat","type":"landmark","id":3589,"country":"United Kingdom","city":null,"state":"England"}