{"title":"Monterey (California)","name":"Monterey Bay Aquarium","alt":null,"address":"886 Cannery Row","directions":null,"phone":"+1 831-648-4888","tollfree":null,"email":null,"fax":null,"url":"http://www.montereybayaquarium.org/","hours":"May 29-Sept 6 and all holidays 9:30AM-6PM, Summer weekends 9:30AM-8PM, winter 10AM-5PM, other dates 10AM-6PM","checkin":null,"checkout":null,"image":null,"price":"$34.95 adults, $31.95 seniors and students, $21.95 children and disabled","content":"This large aquarium specializes in exhibiting local sea life in typical local habitat displays, and has many spectacular exhibits. It is particularly known for its Kelp Forest exhibit, three stories high, filled with several varieties of giant kelp and a wide variety of marine animal species, and also for its million-gallon Open Sea exhibit with large blue fin and yellow fin tunas, mahi-mahis, sharks (including an occasional Great White Shark as a very temporary visitor, before being released back to the ocean), ocean sunfish (mola-molas) and sea turtles. The best exhibits include a large tank of silver sardines that swim around and around above one's head, and one of rescued sea otters deemed unreturnable to the wild and therefore kept at the aquarium. (The Aquarium has rescued and released back to the wild over 500 sea otters.) Feedings of the various tanks are scheduled throughout the day and are fascinating, particularly the Open Sea exhibit feeding at 11AM each morning, and feedings in the Kelp Forest exhibit during which a diver in full dive gear enters the exhibit's water, feeds the fish, and talks to the Aquarium's visitors from inside the exhibit. Quite expensive, but for a good cause (the Aquarium is privately funded, and much of the money goes for conservation research), and most visitors will consider a visit well worth the charge.","geo":{"lat":36.61812,"lon":-121.90166},"activity":"see","type":"landmark","id":18840,"country":"United States","city":"Monterey","state":"California"}