{"title":"San Diego/Old Town-Mission Valley","name":"Americas Best Value Padre Trail Inn","alt":null,"address":"4200 Taylor St","directions":null,"phone":"+1 619 297-3291","tollfree":null,"email":null,"fax":null,"url":"http://www.americasbestvalueinn.com/bestv.cfm?idp=619&rcode=gpl","hours":null,"checkin":null,"checkout":null,"image":null,"price":null,"content":"100-room hotel.","geo":{"lat":32.75839,"lon":-117.19781},"activity":"sleep","type":"landmark","id":25301,"country":"United States","city":"San Diego","state":"California"}