{"title":"Oroville (California)","name":"Table Mountain","alt":null,"address":null,"directions":"Take Cherokee Rd. Drive 6.3 miles to the unmarked parking area on the left at a green cattle gate","phone":null,"tollfree":null,"email":null,"fax":null,"url":null,"hours":null,"checkin":null,"checkout":null,"image":null,"price":"Free","content":"While this area can be visited year round, it is best seen in the Spring when the large, flat field on the plateau of this mountain are full of endless wildflowers.  Additionally, there are excellent waterfalls to hike to and be seen such as Ravine and Phantom Falls.  Those interested in preparing can read up on these hikes [http://www.waterfallswest.com/waterfall.php?id=205] as well as read the book, &quot;Wildflowers of Table Mountain&quot; by Mackey & Bills.","geo":{"lat":39.59494,"lon":-121.55162},"activity":"do","type":"landmark","id":21274,"country":"United States","city":null,"state":"California"}