{"title":"San Diego/Downtown","name":"Children's Park","alt":null,"address":"south of Island Avenue between Front St. and First Avenue","directions":null,"phone":null,"tollfree":null,"email":null,"fax":null,"url":null,"hours":null,"checkin":null,"checkout":null,"image":null,"price":null,"content":"An unusual park with lots of grassy hills, shade trees, and a large water feature. Unfortunately, this park is usually occupied by homeless, so it wouldn't be a safe destination for children.","geo":{"lat":32.70986,"lon":-117.16424},"activity":"do","type":"landmark","id":25129,"country":"United States","city":"San Diego","state":"California"}