{"title":"San Miguel (California)","name":"Mission San Miguel","alt":null,"address":"775 Mission St.","directions":null,"phone":"+1 805 467-3256","tollfree":null,"email":"museum@missionsanmiguel.org","fax":null,"url":"http://www.missionsanmiguel.org/","hours":"Museum open daily 10am-4:30pm. Church open daily 8am-5pm","checkin":null,"checkout":null,"image":null,"price":null,"content":"Founded in 1797 by Father Lasuen as the 16th mission.  During secularization, it served as a dance hall after its owners were murdered.  Features an arcade of 12 arches of varying sizes.  Reopened in 2009 after suffering significant damage in a 2003 earthquake.  Still inhabited by Franciscan monks.","geo":{"lat":35.744714,"lon":-120.697958},"activity":"see","type":"landmark","id":26288,"country":"United States","city":null,"state":"California"}