{"title":"Salisbury (England)","name":"Mompesson House","alt":null,"address":"The Close, SP1 2EL","directions":null,"phone":"+44 1722 420980","tollfree":null,"email":"mompessonhouse@nationaltrust.org.uk","fax":null,"url":"http://www.nationaltrust.org.uk/mompesson-house/","hours":null,"checkin":null,"checkout":null,"image":null,"price":null,"content":"18th-century house.","geo":{"lat":51.0662,"lon":-1.79679},"activity":"see","type":"landmark","id":24884,"country":"United Kingdom","city":"Salisbury","state":"England"}