{"title":"El Camino Real","name":"Mission Dolores","alt":"Mission San Francisco de Asis","address":"3321 16th St, San Francisco, CA","directions":"at Dolores","phone":"+1 415 621-8203","tollfree":null,"email":"parish@missiondolores.org","fax":null,"url":"http://www.missiondolores.org","hours":"9am-4:30pm, summer, 9am-4pm winter. Closed Thanksgiving, Christmas, Easter, & New Year's Day; Closed the afternoon of Good Friday","checkin":null,"checkout":null,"image":null,"price":"Suggested donations of $5 adult, $3 Seniors, $3 children","content":"The oldest building in San Francisco, commissioned in 1776 by Father Serra and members of the De Anza Expedition as the sixth of the 21 missions in California. The original mission is a small building adjacent to the parish church, a large building with intricately decorated towers that was also the first Catholic church west of the Mississippi River to be deemed a basilica. The mission cemetery is the only extant cemetery in San Francisco.","geo":{"lat":37.764201,"lon":-122.426925},"activity":"see","type":"landmark","id":37522,"country":"United States","city":"San Francisco","state":"California"}