{"title":"Hollywood","name":"Hollywood Heights Hotel","alt":"Hilton Garden Inn","address":"2005 N Highland Ave","directions":null,"phone":"+1 323 876-8600","tollfree":null,"email":null,"fax":"+1 323 876-3272","url":"http://www.hollywoodheightshotel.com","hours":null,"checkin":null,"checkout":null,"image":null,"price":"$99+","content":"This boutique-style hotel is relaxed, comfortable, and uniquely personal with 160 rooms fitted with amenities including FACE cosmetics and flat-panel TVs.  Starting in March 2012 this hotel will be rebranded as the Hilton Garden Inn.","geo":{"lat":34.106661,"lon":-118.337732},"activity":"sleep","type":"landmark","id":11789,"country":"United States","city":"Los Angeles","state":"California"}