{"title":"San Francisco/Mission","name":"The Homestead","alt":null,"address":"2301 Folsom St","directions":"at 19th","phone":"+1 415 282-4663","tollfree":null,"email":null,"fax":null,"url":"http://www.homesteadsf.com/","hours":null,"checkin":null,"checkout":null,"image":null,"price":null,"content":"Beautifully reincarnated back into it's historical self, this cool neighborhood space is a true local's hangout. The building has been a bar since 1902. Peanuts are a bonus. Friendly and efficient bar staff. Close to the hipster Bender's, so The Homestead regular crowd is a little hipster depleted / 'we got a babysitter tonight', but all in all a great bunch. It's rumored to have had a brothel during prohibition.","geo":{"lat":37.7604,"lon":-122.4146},"activity":"drink","type":"landmark","id":25916,"country":"United States","city":"San Francisco","state":"California"}