{"title":"Montgomery (Wales)","name":"St Nicholas Parish Church","alt":null,"address":null,"directions":null,"phone":null,"tollfree":null,"email":null,"fax":null,"url":null,"hours":null,"checkin":null,"checkout":null,"image":null,"price":null,"content":"The tombs of the Herbert family and stained glass windows are well worth seeing.  The church yard offers panoramic views over [[Shropshire]]","geo":{"lat":52.560944,"lon":-3.146647},"activity":"see","type":"landmark","id":18984,"country":"United Kingdom","city":"Montgomery","state":"Wales"}