{"title":"Inveraray","name":"Loch Fyne Hotel","alt":null,"address":"Inveraray, Argyll, PA32 8XT","directions":null,"phone":"+44 870 950 6270","tollfree":null,"email":"lochfyne@crerarhotels.com","fax":null,"url":"http://www.crerarhotels.com/ourhotels/loch_fyne_hotel","hours":null,"checkin":null,"checkout":null,"image":null,"price":null,"content":"The hotel offers restaurant, leisure and spa facilities.","geo":{"lat":56.2248,"lon":-5.0782},"activity":"sleep","type":"landmark","id":12228,"country":"United Kingdom","city":null,"state":"Scotland"}