{"title":"Lincolnshire","name":"Gunby Hall and Gardens","alt":null,"address":"Gunby, Spilsby, PE23 5SS","directions":null,"phone":"+44 1754 890102","tollfree":null,"email":"gunbyhall@nationaltrust.org.uk","fax":null,"url":"http://www.nationaltrust.org.uk/gunby-hall/","hours":null,"checkin":null,"checkout":null,"image":null,"price":null,"content":"Near Skegness is a large house dated from the early 18th century set in parkland with Victorian walled gardens. The Hall is open Wednesday and Sunday from the end of May to the end of October, with the gardens and tea rooms being open Wednesday-Sunday during this time.","geo":{"lat":53.178001,"lon":0.19669},"activity":"see","type":"landmark","id":15736,"country":"United Kingdom","city":"Gunby","state":"England"}