{"title":"Topock","name":"Havasu National Wildlife Refuge","alt":null,"address":"office: 317 Mesquite Avenue, Needles 92363 (7:30-3:30 weekdays)","directions":null,"phone":"+1 760 326-3853","tollfree":null,"email":null,"fax":"+1 760 326-5745","url":"http://www.fws.gov/refuge/Havasu/","hours":null,"checkin":null,"checkout":null,"image":null,"price":"Free admission","content":"Courtwright Rd. Boat launch, hunting and fishing in some areas. No camping. Over 200 species of birds to watch.","geo":{"lat":34.83701,"lon":-114.62027},"activity":"see","type":"landmark","id":30581,"country":"United States","city":"Needles","state":"California"}