{"title":"Liverpool","name":"Princes Road Synagogue","alt":"Liverpool Old Hebrew Congregation","address":null,"directions":null,"phone":null,"tollfree":null,"email":null,"fax":null,"url":"http://www.princesroad.org/","hours":null,"checkin":null,"checkout":null,"image":null,"price":null,"content":"This is an impressive combination of Gothic and Moorish architecture by the Audsley brothers. The colourful interior has to be seen to be believed. Tours can be arranged through their web site.","geo":{"lat":53.39502,"lon":-2.96506},"activity":"see","type":"landmark","id":15860,"country":"United Kingdom","city":"Liverpool","state":"England"}