{"title":"Paris/1st arrondissement","name":"Le Palais Royal","alt":null,"address":null,"directions":null,"phone":"+33 1 45 20 82 56","tollfree":null,"email":null,"fax":null,"url":"http://palais-royal.monuments-nationaux.fr/","hours":"07:00-23:00 during the summer and 07:00-20:30 in the winter with hours varying spring and autumn","checkin":null,"checkout":null,"image":"https://en.wikivoyage.org/wiki/File:Palais Royal wts.jpg","price":null,"content":"Ordered by Cardinal de Richelieu (1585-1642), King Louis XIII's prime Minister in 1629 (completed in 1636); originally called ''Palais Cardinal''; it became ''Le Palais Royal'' when Anne d'Autriche, Louis XIII's wife, came to live here to get away from the ''Louvre'' palace. It eventually housed Louis XIV until the move to [[Versailles]]. It includes also a beautiful garden ''Les jardins du Palais Royal'', enclosed by the buildings. It's been the theatre of one of the seminal events of the French Revolution (Camille Desmoulins made a famous declaration here in 1789). The ''Théatre Français'' nearby was built in 1716. There are numerous restaurants inside the garden , including famous ''Le Grand Véfour''. There's also the controversial ''Colonnes de Buren'', striped columns installed within the inside yard amid the 17th century architecture.","geo":{"lat":48.86358,"lon":2.33702},"activity":"see","type":"landmark","id":21687,"country":"France","city":"Paris","state":"Ile-de-France","image_direct_url":"https://upload.wikimedia.org/wikipedia/commons/7/79/Palais_Royal_wts.jpg"}