{"title":"Lymm","name":"High Legh Garden Centre & Miniature Railway","alt":null,"address":"Halliwell's Brow, High Legh, Knutsford","directions":"On A50","phone":"+44 1925 756991","tollfree":null,"email":null,"fax":null,"url":null,"hours":null,"checkin":null,"checkout":null,"image":null,"price":null,"content":"Standard garden centre made interesting by the addition of the miniature railway, great for kids' rides.","geo":{"lat":53.34914,"lon":-2.45257},"activity":"do","type":"landmark","id":37308,"country":"United Kingdom","city":null,"state":"England"}