{"title":"Thousand Oaks","name":"Gardens of the World","alt":null,"address":"2001 Thousand Oaks Boulevard","directions":"across from the Civic Arts Plaza","phone":"+1 805 557-1135","tollfree":null,"email":"gardensinfo@hoganfoundation.org","fax":"+1 805 777-1006","url":"http://www.gardensoftheworld.info/","hours":null,"checkin":null,"checkout":null,"image":null,"price":null,"content":"Tu-Su 9AM-5PM. Closed Mondays, most national holidays and bad weather. Beautiful gardens including a Japanese and an Italian garden. Special events throughout the year. Docent guided tours available.","geo":{"lat":34.176518,"lon":-118.848234},"activity":"see","type":"landmark","id":30118,"country":"United States","city":"Thousand Oaks","state":"California"}