{"title":"San Francisco/Union Square-Financial District","name":"Omni San Francisco Hotel","alt":null,"address":"500 California St","directions":"at Montgomery","phone":"+1 415 677-9494","tollfree":null,"email":null,"fax":"+1 415 273-3038","url":"http://www.omnihotels.com/hotels/default.asp?h_id=62","hours":null,"checkin":null,"checkout":null,"image":null,"price":null,"content":"A luxury hotel with marble floors and wood paneling in the lobby and very nice rooms.","geo":{"lat":37.793,"lon":-122.4031},"activity":"sleep","type":"landmark","id":26232,"country":"United States","city":"San Francisco","state":"California"}