{"title":"Swansea","name":"Swansea University","alt":null,"address":"Singleton Park, Swansea, SA2 8PP","directions":null,"phone":"+44 1792 602403","tollfree":null,"email":"conferences@swansea.ac.uk","fax":null,"url":"http://www.swan.ac.uk/conferences/groups/","hours":null,"checkin":null,"checkout":null,"image":null,"price":null,"content":"Swansea University offers accommodation to the public during Summer and Easter holidays. They can offer a wide range of accommodation ranging from bed and breakfast non-ensuite single rooms through to self-catering apartments. They can accommodate large groups for events and conferences in the local area. Accommodation is available in Swansea University's Singleton Park campus set in beautiful parklands which is 5 minutes walk to the beach.","geo":{"lat":51.609722,"lon":-3.980556},"activity":"sleep","type":"landmark","id":28960,"country":"United Kingdom","city":"Swansea","state":"Wales"}