{"title":"San Francisco/Golden Gate","name":"Arion Press","alt":null,"address":"1802 Hays St","directions":"at Belles St","phone":"+1 415 668-2542","tollfree":null,"email":"arionpress@arionpress.com","fax":"+1 415 668-2550","url":"http://www.arionpress.com/","hours":"Tours: Th 3PM","checkin":null,"checkout":null,"image":null,"price":"Tours: $7","content":"Arion Press is considered the best publisher of fine press books in the nation.  They offer tours of their gallery, which has a large collection of limited edition books and prints; and of the production facility, including the pressroom and the typefoundary that contains the oldest hot metal type foundry in the country.","geo":{"lat":37.7882,"lon":-122.4735},"activity":"see","type":"landmark","id":25696,"country":"United States","city":"San Francisco","state":"California"}