{"title":"San Francisco/Golden Gate","name":"Liverpool Lil's","alt":null,"address":"2942 Lyon St","directions":"between Greenwich St and Lombard St","phone":"+1 415 921-6664","tollfree":null,"email":null,"fax":"+1 415 921-1019","url":"http://www.liverpoollils.com/","hours":"Su 10AM-11PM, M 11AM-11PM, Tu-F 11AM-1AM, Sa 10AM-1AM","checkin":null,"checkout":null,"image":null,"price":"$13-$30","content":"This restaurant was established in 1973 and has a good atmosphere, and also fantastic views over the Presidio from the curbside tables.  They serve good burgers/sandwiches and traditional American food.","geo":{"lat":37.7982,"lon":-122.447},"activity":"eat","type":"landmark","id":25770,"country":"United States","city":"San Francisco","state":"California"}