{"title":"Enniskillen","name":"Florence Court","alt":null,"address":"BT92 1DB","directions":null,"phone":"+44 28 6634-8249","tollfree":null,"email":"florencecourt@nationaltrust.org.uk","fax":null,"url":"http://www.nationaltrust.org.uk/florence-court/","hours":null,"checkin":null,"checkout":null,"image":null,"price":null,"content":"An 18th century house about 10 miles from the town centre.  This venue normally hosts family events on bank holidays and tours of the house are available during the summer. You can also take a subterranean boat-trip in the nearby [http://www.marblearchcaves.net Marble Arch Caves].","geo":{"lat":54.258301,"lon":-7.72989},"activity":"see","type":"landmark","id":8932,"country":"United Kingdom","city":null,"state":"Northern Ireland"}