{"title":"San Francisco/Western Addition","name":"Isobune","alt":null,"address":"1737 Post Street","directions":"between Buchanan and Webster, in the Kintetsu Mall","phone":"+1 415 563-1030","tollfree":null,"email":null,"fax":null,"url":null,"hours":"Daily 10:30AM-10PM","checkin":null,"checkout":null,"image":null,"price":null,"content":"As the floating sushi bars so popular in Japan, the sushi chefs at Isobune prepare food and place it on wooden boats that sail around the inner perimeter of an oval counter. Patrons seated at the counter simply lift the dishes they want off the bobbing boats. Your bill depends on the number of empty dishes you're left with. It's fun, cheap, and delicious.","geo":{"lat":37.7853,"lon":-122.4305},"activity":"eat","type":"landmark","id":26251,"country":"United States","city":"San Francisco","state":"California"}