{"title":"Sark","name":"La Seigneurie","alt":null,"address":"GY10 1SF","directions":"North-west of the island","phone":"+44 1481 832208","tollfree":null,"email":null,"fax":null,"url":"http://www.laseigneuriegardens.com","hours":"Easter-1 Nov M-Sa 10:00-17:00","checkin":null,"checkout":null,"image":null,"price":"£4/adult, £1.50/child","content":"Home of the Seigneur of Sark since 1730. The house itself is not open to the public, but you can visit its formal gardens.","geo":{"lat":49.44008,"lon":-2.361728},"activity":"see","type":"landmark","id":26575,"country":"United Kingdom","city":null,"state":"Channel Islands"}