{"id":22534,"type":"route","airline":"DY","airlineid":"airline_3737","sourceairport":"LGW","destinationairport":"TRF","stops":0,"equipment":"73H","schedule":[{"day":0,"utc":"00:52:00","flight":"DY306"},{"day":0,"utc":"13:20:00","flight":"DY164"},{"day":0,"utc":"06:04:00","flight":"DY083"},{"day":0,"utc":"09:16:00","flight":"DY720"},{"day":0,"utc":"06:36:00","flight":"DY918"},{"day":1,"utc":"18:19:00","flight":"DY707"},{"day":2,"utc":"11:23:00","flight":"DY462"},{"day":2,"utc":"00:21:00","flight":"DY923"},{"day":2,"utc":"15:17:00","flight":"DY403"},{"day":3,"utc":"02:02:00","flight":"DY592"},{"day":3,"utc":"11:56:00","flight":"DY167"},{"day":3,"utc":"00:40:00","flight":"DY879"},{"day":4,"utc":"09:16:00","flight":"DY418"},{"day":4,"utc":"02:41:00","flight":"DY732"},{"day":4,"utc":"02:24:00","flight":"DY255"},{"day":5,"utc":"06:46:00","flight":"DY813"},{"day":5,"utc":"11:30:00","flight":"DY917"},{"day":5,"utc":"01:09:00","flight":"DY211"},{"day":5,"utc":"17:33:00","flight":"DY797"},{"day":6,"utc":"00:19:00","flight":"DY040"},{"day":6,"utc":"17:46:00","flight":"DY736"},{"day":6,"utc":"03:15:00","flight":"DY207"},{"day":6,"utc":"05:57:00","flight":"DY814"}]}