{"id":59904,"type":"route","airline":"US","airlineid":"airline_5265","sourceairport":"ORD","destinationairport":"ELP","stops":0,"equipment":"E75","schedule":[{"day":0,"utc":"22:28:00","flight":"US343"},{"day":0,"utc":"22:55:00","flight":"US227"},{"day":0,"utc":"13:28:00","flight":"US089"},{"day":0,"utc":"12:24:00","flight":"US213"},{"day":1,"utc":"16:01:00","flight":"US496"},{"day":1,"utc":"03:27:00","flight":"US707"},{"day":2,"utc":"02:21:00","flight":"US091"},{"day":3,"utc":"00:25:00","flight":"US666"},{"day":4,"utc":"03:21:00","flight":"US673"},{"day":4,"utc":"05:09:00","flight":"US693"},{"day":4,"utc":"05:52:00","flight":"US019"},{"day":4,"utc":"08:33:00","flight":"US395"},{"day":5,"utc":"03:37:00","flight":"US044"},{"day":5,"utc":"18:13:00","flight":"US919"},{"day":5,"utc":"09:03:00","flight":"US080"},{"day":6,"utc":"05:47:00","flight":"US647"},{"day":6,"utc":"22:53:00","flight":"US828"},{"day":6,"utc":"02:26:00","flight":"US719"}]}