{"id":36415,"type":"route","airline":"KL","airlineid":"airline_3090","sourceairport":"ATL","destinationairport":"MLI","stops":0,"equipment":"CR7 CR9","schedule":[{"day":0,"utc":"03:04:00","flight":"KL841"},{"day":0,"utc":"17:53:00","flight":"KL021"},{"day":0,"utc":"16:41:00","flight":"KL265"},{"day":0,"utc":"11:57:00","flight":"KL735"},{"day":0,"utc":"08:36:00","flight":"KL550"},{"day":1,"utc":"23:18:00","flight":"KL996"},{"day":1,"utc":"19:13:00","flight":"KL645"},{"day":1,"utc":"19:03:00","flight":"KL177"},{"day":1,"utc":"17:21:00","flight":"KL026"},{"day":2,"utc":"16:59:00","flight":"KL898"},{"day":2,"utc":"18:28:00","flight":"KL874"},{"day":2,"utc":"17:04:00","flight":"KL149"},{"day":2,"utc":"23:21:00","flight":"KL961"},{"day":2,"utc":"02:41:00","flight":"KL005"},{"day":3,"utc":"17:06:00","flight":"KL617"},{"day":3,"utc":"10:57:00","flight":"KL196"},{"day":3,"utc":"05:29:00","flight":"KL807"},{"day":4,"utc":"08:20:00","flight":"KL959"},{"day":4,"utc":"20:19:00","flight":"KL803"},{"day":4,"utc":"17:05:00","flight":"KL327"},{"day":5,"utc":"03:49:00","flight":"KL464"},{"day":5,"utc":"01:28:00","flight":"KL222"},{"day":5,"utc":"10:05:00","flight":"KL470"},{"day":6,"utc":"13:13:00","flight":"KL182"}]}