{"id":20827,"type":"route","airline":"DL","airlineid":"airline_2009","sourceairport":"HMO","destinationairport":"LAX","stops":0,"equipment":"ER4","schedule":[{"day":0,"utc":"21:31:00","flight":"DL160"},{"day":0,"utc":"17:35:00","flight":"DL300"},{"day":0,"utc":"04:57:00","flight":"DL959"},{"day":0,"utc":"01:13:00","flight":"DL254"},{"day":0,"utc":"06:46:00","flight":"DL574"},{"day":1,"utc":"12:15:00","flight":"DL642"},{"day":1,"utc":"01:47:00","flight":"DL804"},{"day":1,"utc":"07:33:00","flight":"DL933"},{"day":2,"utc":"05:03:00","flight":"DL660"},{"day":3,"utc":"15:56:00","flight":"DL176"},{"day":3,"utc":"05:49:00","flight":"DL377"},{"day":4,"utc":"10:02:00","flight":"DL993"},{"day":4,"utc":"02:37:00","flight":"DL704"},{"day":4,"utc":"09:48:00","flight":"DL067"},{"day":4,"utc":"18:45:00","flight":"DL212"},{"day":4,"utc":"15:41:00","flight":"DL619"},{"day":5,"utc":"20:42:00","flight":"DL730"},{"day":5,"utc":"06:38:00","flight":"DL819"},{"day":5,"utc":"06:26:00","flight":"DL883"},{"day":5,"utc":"22:38:00","flight":"DL911"},{"day":5,"utc":"06:05:00","flight":"DL060"},{"day":6,"utc":"13:30:00","flight":"DL597"}]}