{"id":13346,"type":"route","airline":"AZ","airlineid":"airline_596","sourceairport":"FCO","destinationairport":"SXB","stops":0,"equipment":"ER4 CR7","schedule":[{"day":0,"utc":"22:26:00","flight":"AZ775"},{"day":0,"utc":"21:18:00","flight":"AZ881"},{"day":1,"utc":"12:56:00","flight":"AZ678"},{"day":1,"utc":"06:10:00","flight":"AZ468"},{"day":2,"utc":"05:13:00","flight":"AZ395"},{"day":2,"utc":"14:58:00","flight":"AZ132"},{"day":3,"utc":"03:02:00","flight":"AZ021"},{"day":3,"utc":"03:13:00","flight":"AZ436"},{"day":3,"utc":"12:20:00","flight":"AZ745"},{"day":3,"utc":"08:44:00","flight":"AZ199"},{"day":4,"utc":"15:22:00","flight":"AZ368"},{"day":4,"utc":"08:16:00","flight":"AZ700"},{"day":4,"utc":"04:29:00","flight":"AZ043"},{"day":4,"utc":"00:22:00","flight":"AZ368"},{"day":4,"utc":"04:27:00","flight":"AZ525"},{"day":5,"utc":"00:02:00","flight":"AZ453"},{"day":5,"utc":"21:04:00","flight":"AZ919"},{"day":6,"utc":"16:06:00","flight":"AZ781"}]}