{"id":58937,"type":"route","airline":"US","airlineid":"airline_5265","sourceairport":"DCA","destinationairport":"BNA","stops":0,"equipment":"ERD CRJ","schedule":[{"day":0,"utc":"21:54:00","flight":"US014"},{"day":0,"utc":"20:22:00","flight":"US242"},{"day":0,"utc":"23:51:00","flight":"US788"},{"day":0,"utc":"00:11:00","flight":"US407"},{"day":1,"utc":"05:07:00","flight":"US376"},{"day":1,"utc":"19:45:00","flight":"US825"},{"day":1,"utc":"19:44:00","flight":"US460"},{"day":2,"utc":"16:54:00","flight":"US830"},{"day":2,"utc":"08:40:00","flight":"US085"},{"day":3,"utc":"15:33:00","flight":"US759"},{"day":3,"utc":"17:01:00","flight":"US251"},{"day":3,"utc":"18:38:00","flight":"US749"},{"day":3,"utc":"09:41:00","flight":"US068"},{"day":3,"utc":"00:53:00","flight":"US946"},{"day":4,"utc":"10:09:00","flight":"US437"},{"day":4,"utc":"23:29:00","flight":"US483"},{"day":4,"utc":"07:23:00","flight":"US278"},{"day":4,"utc":"20:28:00","flight":"US713"},{"day":4,"utc":"04:32:00","flight":"US655"},{"day":5,"utc":"20:42:00","flight":"US846"},{"day":5,"utc":"23:13:00","flight":"US418"},{"day":5,"utc":"21:36:00","flight":"US511"},{"day":6,"utc":"01:23:00","flight":"US185"},{"day":6,"utc":"18:10:00","flight":"US063"},{"day":6,"utc":"23:56:00","flight":"US673"},{"day":6,"utc":"04:56:00","flight":"US023"},{"day":6,"utc":"03:42:00","flight":"US893"}]}