{"id":43466,"type":"route","airline":"NK","airlineid":"airline_4687","sourceairport":"LAS","destinationairport":"SAN","stops":0,"equipment":"320 319","schedule":[{"day":0,"utc":"20:44:00","flight":"NK132"},{"day":0,"utc":"18:08:00","flight":"NK380"},{"day":0,"utc":"01:55:00","flight":"NK521"},{"day":0,"utc":"09:50:00","flight":"NK643"},{"day":0,"utc":"14:02:00","flight":"NK100"},{"day":1,"utc":"04:29:00","flight":"NK089"},{"day":1,"utc":"22:37:00","flight":"NK584"},{"day":1,"utc":"12:37:00","flight":"NK921"},{"day":2,"utc":"12:17:00","flight":"NK114"},{"day":2,"utc":"19:52:00","flight":"NK999"},{"day":2,"utc":"18:08:00","flight":"NK937"},{"day":3,"utc":"10:44:00","flight":"NK995"},{"day":3,"utc":"05:58:00","flight":"NK063"},{"day":4,"utc":"00:14:00","flight":"NK464"},{"day":4,"utc":"14:37:00","flight":"NK491"},{"day":4,"utc":"12:51:00","flight":"NK043"},{"day":4,"utc":"16:46:00","flight":"NK440"},{"day":4,"utc":"20:57:00","flight":"NK205"},{"day":5,"utc":"19:52:00","flight":"NK215"},{"day":5,"utc":"23:47:00","flight":"NK953"},{"day":5,"utc":"15:10:00","flight":"NK302"},{"day":5,"utc":"21:45:00","flight":"NK580"},{"day":6,"utc":"12:00:00","flight":"NK368"}]}