{"id":43460,"type":"route","airline":"NK","airlineid":"airline_4687","sourceairport":"LAS","destinationairport":"LAX","stops":0,"equipment":"319","schedule":[{"day":0,"utc":"04:00:00","flight":"NK981"},{"day":0,"utc":"20:19:00","flight":"NK578"},{"day":0,"utc":"11:50:00","flight":"NK457"},{"day":1,"utc":"21:56:00","flight":"NK888"},{"day":1,"utc":"00:54:00","flight":"NK487"},{"day":2,"utc":"07:07:00","flight":"NK162"},{"day":2,"utc":"14:18:00","flight":"NK748"},{"day":2,"utc":"04:09:00","flight":"NK381"},{"day":2,"utc":"12:11:00","flight":"NK858"},{"day":2,"utc":"04:15:00","flight":"NK568"},{"day":3,"utc":"16:28:00","flight":"NK223"},{"day":3,"utc":"18:26:00","flight":"NK030"},{"day":3,"utc":"20:25:00","flight":"NK836"},{"day":4,"utc":"13:09:00","flight":"NK023"},{"day":4,"utc":"08:36:00","flight":"NK469"},{"day":5,"utc":"02:23:00","flight":"NK812"},{"day":5,"utc":"15:14:00","flight":"NK094"},{"day":5,"utc":"00:59:00","flight":"NK031"},{"day":5,"utc":"03:44:00","flight":"NK148"},{"day":5,"utc":"21:15:00","flight":"NK584"},{"day":6,"utc":"21:49:00","flight":"NK769"},{"day":6,"utc":"23:26:00","flight":"NK705"},{"day":6,"utc":"09:25:00","flight":"NK875"}]}