{"id":56607,"type":"route","airline":"UA","airlineid":"airline_5209","sourceairport":"IAD","destinationairport":"BRU","stops":0,"equipment":"777 332","schedule":[{"day":0,"utc":"08:31:00","flight":"UA816"},{"day":0,"utc":"23:24:00","flight":"UA064"},{"day":0,"utc":"14:31:00","flight":"UA716"},{"day":0,"utc":"20:37:00","flight":"UA741"},{"day":1,"utc":"23:46:00","flight":"UA901"},{"day":1,"utc":"08:20:00","flight":"UA532"},{"day":1,"utc":"02:27:00","flight":"UA527"},{"day":2,"utc":"10:46:00","flight":"UA860"},{"day":3,"utc":"23:36:00","flight":"UA834"},{"day":4,"utc":"17:26:00","flight":"UA246"},{"day":4,"utc":"14:10:00","flight":"UA410"},{"day":4,"utc":"17:44:00","flight":"UA272"},{"day":4,"utc":"02:37:00","flight":"UA332"},{"day":5,"utc":"19:35:00","flight":"UA611"},{"day":5,"utc":"15:44:00","flight":"UA860"},{"day":5,"utc":"16:20:00","flight":"UA044"},{"day":5,"utc":"06:45:00","flight":"UA272"},{"day":5,"utc":"17:00:00","flight":"UA169"},{"day":6,"utc":"13:32:00","flight":"UA461"},{"day":6,"utc":"18:11:00","flight":"UA197"}]}