{"id":53348,"type":"route","airline":"TO","airlineid":"airline_8745","sourceairport":"ORY","destinationairport":"ATH","stops":0,"equipment":"73H","schedule":[{"day":0,"utc":"02:31:00","flight":"TO600"},{"day":0,"utc":"05:01:00","flight":"TO940"},{"day":1,"utc":"06:48:00","flight":"TO706"},{"day":1,"utc":"21:37:00","flight":"TO011"},{"day":2,"utc":"06:04:00","flight":"TO649"},{"day":2,"utc":"15:07:00","flight":"TO144"},{"day":3,"utc":"06:02:00","flight":"TO410"},{"day":3,"utc":"06:28:00","flight":"TO817"},{"day":3,"utc":"17:14:00","flight":"TO897"},{"day":4,"utc":"16:27:00","flight":"TO428"},{"day":4,"utc":"23:06:00","flight":"TO882"},{"day":4,"utc":"10:09:00","flight":"TO873"},{"day":4,"utc":"17:56:00","flight":"TO455"},{"day":5,"utc":"08:46:00","flight":"TO877"},{"day":6,"utc":"20:20:00","flight":"TO499"},{"day":6,"utc":"17:23:00","flight":"TO177"},{"day":6,"utc":"05:06:00","flight":"TO679"}]}