{"id":53389,"type":"route","airline":"TO","airlineid":"airline_8745","sourceairport":"PMI","destinationairport":"DSA","stops":0,"equipment":"73H","schedule":[{"day":0,"utc":"16:19:00","flight":"TO028"},{"day":0,"utc":"22:55:00","flight":"TO265"},{"day":0,"utc":"16:00:00","flight":"TO748"},{"day":0,"utc":"15:28:00","flight":"TO483"},{"day":0,"utc":"06:08:00","flight":"TO176"},{"day":1,"utc":"15:06:00","flight":"TO134"},{"day":1,"utc":"22:24:00","flight":"TO879"},{"day":1,"utc":"04:25:00","flight":"TO620"},{"day":1,"utc":"02:00:00","flight":"TO304"},{"day":2,"utc":"09:53:00","flight":"TO808"},{"day":2,"utc":"18:48:00","flight":"TO307"},{"day":3,"utc":"12:32:00","flight":"TO029"},{"day":3,"utc":"19:20:00","flight":"TO466"},{"day":3,"utc":"13:31:00","flight":"TO896"},{"day":3,"utc":"08:57:00","flight":"TO771"},{"day":3,"utc":"20:40:00","flight":"TO592"},{"day":4,"utc":"07:30:00","flight":"TO503"},{"day":5,"utc":"01:49:00","flight":"TO883"},{"day":5,"utc":"18:03:00","flight":"TO008"},{"day":5,"utc":"06:36:00","flight":"TO696"},{"day":6,"utc":"19:17:00","flight":"TO107"}]}