{"id":30349,"type":"route","airline":"GS","airlineid":"airline_690","sourceairport":"NGB","destinationairport":"SWA","stops":0,"equipment":"E90","schedule":[{"day":0,"utc":"16:06:00","flight":"GS450"},{"day":1,"utc":"04:18:00","flight":"GS583"},{"day":1,"utc":"02:37:00","flight":"GS382"},{"day":2,"utc":"01:39:00","flight":"GS970"},{"day":3,"utc":"12:48:00","flight":"GS307"},{"day":3,"utc":"22:41:00","flight":"GS547"},{"day":3,"utc":"12:15:00","flight":"GS660"},{"day":3,"utc":"00:49:00","flight":"GS902"},{"day":4,"utc":"14:11:00","flight":"GS930"},{"day":5,"utc":"06:25:00","flight":"GS729"},{"day":6,"utc":"00:58:00","flight":"GS139"},{"day":6,"utc":"10:12:00","flight":"GS515"},{"day":6,"utc":"10:56:00","flight":"GS127"}]}