{"id":20523,"type":"route","airline":"DL","airlineid":"airline_2009","sourceairport":"DAB","destinationairport":"ATL","stops":0,"equipment":"M90 757 M88","schedule":[{"day":0,"utc":"00:56:00","flight":"DL752"},{"day":0,"utc":"03:59:00","flight":"DL604"},{"day":0,"utc":"23:04:00","flight":"DL754"},{"day":0,"utc":"07:41:00","flight":"DL462"},{"day":1,"utc":"17:35:00","flight":"DL309"},{"day":1,"utc":"15:05:00","flight":"DL777"},{"day":1,"utc":"09:09:00","flight":"DL285"},{"day":1,"utc":"05:24:00","flight":"DL684"},{"day":1,"utc":"13:22:00","flight":"DL753"},{"day":2,"utc":"00:35:00","flight":"DL084"},{"day":2,"utc":"21:00:00","flight":"DL607"},{"day":2,"utc":"20:11:00","flight":"DL366"},{"day":2,"utc":"12:30:00","flight":"DL986"},{"day":3,"utc":"15:19:00","flight":"DL137"},{"day":3,"utc":"03:05:00","flight":"DL300"},{"day":3,"utc":"08:24:00","flight":"DL796"},{"day":3,"utc":"06:13:00","flight":"DL834"},{"day":3,"utc":"02:10:00","flight":"DL141"},{"day":4,"utc":"05:26:00","flight":"DL665"},{"day":5,"utc":"20:04:00","flight":"DL388"},{"day":5,"utc":"22:14:00","flight":"DL766"},{"day":5,"utc":"14:47:00","flight":"DL916"},{"day":6,"utc":"00:35:00","flight":"DL814"}]}