{"id":58949,"type":"route","airline":"US","airlineid":"airline_5265","sourceairport":"DCA","destinationairport":"DAY","stops":0,"equipment":"CRJ","schedule":[{"day":0,"utc":"05:28:00","flight":"US087"},{"day":1,"utc":"14:30:00","flight":"US108"},{"day":1,"utc":"11:20:00","flight":"US899"},{"day":2,"utc":"17:20:00","flight":"US827"},{"day":2,"utc":"15:22:00","flight":"US386"},{"day":2,"utc":"09:38:00","flight":"US382"},{"day":3,"utc":"09:19:00","flight":"US795"},{"day":3,"utc":"10:50:00","flight":"US361"},{"day":4,"utc":"14:44:00","flight":"US522"},{"day":5,"utc":"17:43:00","flight":"US330"},{"day":5,"utc":"04:04:00","flight":"US385"},{"day":5,"utc":"22:07:00","flight":"US958"},{"day":6,"utc":"17:26:00","flight":"US275"},{"day":6,"utc":"05:04:00","flight":"US854"}]}