{"id":40589,"type":"route","airline":"MH","airlineid":"airline_3378","sourceairport":"JFK","destinationairport":"LHR","stops":0,"equipment":"777","schedule":[{"day":0,"utc":"01:55:00","flight":"MH079"},{"day":1,"utc":"11:44:00","flight":"MH379"},{"day":1,"utc":"10:04:00","flight":"MH995"},{"day":2,"utc":"14:31:00","flight":"MH562"},{"day":2,"utc":"02:54:00","flight":"MH234"},{"day":3,"utc":"22:05:00","flight":"MH734"},{"day":3,"utc":"20:14:00","flight":"MH982"},{"day":3,"utc":"20:01:00","flight":"MH203"},{"day":3,"utc":"09:45:00","flight":"MH989"},{"day":4,"utc":"00:14:00","flight":"MH531"},{"day":4,"utc":"11:24:00","flight":"MH969"},{"day":4,"utc":"14:20:00","flight":"MH588"},{"day":4,"utc":"13:34:00","flight":"MH814"},{"day":4,"utc":"14:43:00","flight":"MH035"},{"day":5,"utc":"17:05:00","flight":"MH948"},{"day":5,"utc":"09:46:00","flight":"MH090"},{"day":5,"utc":"10:15:00","flight":"MH906"},{"day":5,"utc":"06:38:00","flight":"MH137"},{"day":5,"utc":"18:22:00","flight":"MH905"},{"day":6,"utc":"19:59:00","flight":"MH033"}]}