{"id":8196,"type":"route","airline":"AC","airlineid":"airline_330","sourceairport":"YUL","destinationairport":"CDG","stops":0,"equipment":"77W","schedule":[{"day":0,"utc":"19:42:00","flight":"AC039"},{"day":0,"utc":"05:41:00","flight":"AC992"},{"day":0,"utc":"12:22:00","flight":"AC902"},{"day":0,"utc":"05:29:00","flight":"AC777"},{"day":0,"utc":"04:52:00","flight":"AC895"},{"day":1,"utc":"01:42:00","flight":"AC646"},{"day":1,"utc":"07:35:00","flight":"AC113"},{"day":2,"utc":"14:15:00","flight":"AC390"},{"day":2,"utc":"23:59:00","flight":"AC586"},{"day":3,"utc":"11:42:00","flight":"AC323"},{"day":3,"utc":"15:25:00","flight":"AC240"},{"day":3,"utc":"16:50:00","flight":"AC009"},{"day":3,"utc":"13:18:00","flight":"AC776"},{"day":4,"utc":"23:25:00","flight":"AC603"},{"day":4,"utc":"11:41:00","flight":"AC788"},{"day":4,"utc":"01:43:00","flight":"AC344"},{"day":5,"utc":"17:20:00","flight":"AC855"},{"day":5,"utc":"21:19:00","flight":"AC149"},{"day":5,"utc":"15:12:00","flight":"AC142"},{"day":5,"utc":"12:33:00","flight":"AC935"},{"day":6,"utc":"16:32:00","flight":"AC115"},{"day":6,"utc":"00:30:00","flight":"AC334"},{"day":6,"utc":"07:31:00","flight":"AC433"}]}