{"id":56509,"type":"route","airline":"UA","airlineid":"airline_5209","sourceairport":"GPT","destinationairport":"IAH","stops":0,"equipment":"ERJ","schedule":[{"day":0,"utc":"06:39:00","flight":"UA667"},{"day":0,"utc":"12:42:00","flight":"UA443"},{"day":0,"utc":"08:32:00","flight":"UA585"},{"day":0,"utc":"21:06:00","flight":"UA416"},{"day":1,"utc":"19:32:00","flight":"UA276"},{"day":1,"utc":"21:31:00","flight":"UA002"},{"day":1,"utc":"23:45:00","flight":"UA900"},{"day":1,"utc":"16:24:00","flight":"UA983"},{"day":1,"utc":"21:32:00","flight":"UA832"},{"day":2,"utc":"16:17:00","flight":"UA680"},{"day":2,"utc":"14:19:00","flight":"UA675"},{"day":2,"utc":"02:45:00","flight":"UA403"},{"day":2,"utc":"10:31:00","flight":"UA604"},{"day":2,"utc":"14:47:00","flight":"UA818"},{"day":3,"utc":"17:39:00","flight":"UA982"},{"day":3,"utc":"20:35:00","flight":"UA505"},{"day":4,"utc":"02:15:00","flight":"UA318"},{"day":4,"utc":"23:52:00","flight":"UA869"},{"day":4,"utc":"10:37:00","flight":"UA883"},{"day":4,"utc":"02:12:00","flight":"UA083"},{"day":5,"utc":"19:15:00","flight":"UA072"},{"day":6,"utc":"00:41:00","flight":"UA729"},{"day":6,"utc":"05:54:00","flight":"UA566"},{"day":6,"utc":"17:03:00","flight":"UA174"}]}