{"id":9612,"type":"route","airline":"AF","airlineid":"airline_137","sourceairport":"KMG","destinationairport":"CAN","stops":0,"equipment":"320","schedule":[{"day":0,"utc":"10:23:00","flight":"AF352"},{"day":0,"utc":"15:51:00","flight":"AF708"},{"day":0,"utc":"06:31:00","flight":"AF945"},{"day":0,"utc":"02:54:00","flight":"AF020"},{"day":1,"utc":"05:21:00","flight":"AF136"},{"day":1,"utc":"15:06:00","flight":"AF496"},{"day":2,"utc":"12:52:00","flight":"AF806"},{"day":2,"utc":"16:32:00","flight":"AF001"},{"day":3,"utc":"01:39:00","flight":"AF918"},{"day":3,"utc":"04:09:00","flight":"AF147"},{"day":3,"utc":"00:32:00","flight":"AF001"},{"day":4,"utc":"01:30:00","flight":"AF440"},{"day":5,"utc":"08:07:00","flight":"AF029"},{"day":6,"utc":"17:43:00","flight":"AF150"},{"day":6,"utc":"22:27:00","flight":"AF020"}]}