{"id":9575,"type":"route","airline":"AF","airlineid":"airline_137","sourceairport":"HRE","destinationairport":"LUN","stops":0,"equipment":"763 332 330","schedule":[{"day":0,"utc":"03:15:00","flight":"AF583"},{"day":0,"utc":"03:34:00","flight":"AF025"},{"day":0,"utc":"23:00:00","flight":"AF295"},{"day":0,"utc":"05:59:00","flight":"AF398"},{"day":1,"utc":"13:02:00","flight":"AF712"},{"day":1,"utc":"09:32:00","flight":"AF133"},{"day":1,"utc":"23:42:00","flight":"AF476"},{"day":2,"utc":"15:37:00","flight":"AF367"},{"day":3,"utc":"03:22:00","flight":"AF998"},{"day":3,"utc":"16:35:00","flight":"AF121"},{"day":3,"utc":"17:19:00","flight":"AF613"},{"day":4,"utc":"02:28:00","flight":"AF064"},{"day":5,"utc":"10:39:00","flight":"AF946"},{"day":5,"utc":"18:24:00","flight":"AF372"},{"day":5,"utc":"05:23:00","flight":"AF226"},{"day":5,"utc":"21:31:00","flight":"AF128"},{"day":5,"utc":"19:56:00","flight":"AF803"},{"day":6,"utc":"09:28:00","flight":"AF009"},{"day":6,"utc":"01:33:00","flight":"AF670"},{"day":6,"utc":"00:59:00","flight":"AF873"}]}