{"id":56315,"type":"route","airline":"UA","airlineid":"airline_5209","sourceairport":"EWR","destinationairport":"DFW","stops":0,"equipment":"319 73G 738","schedule":[{"day":0,"utc":"12:15:00","flight":"UA532"},{"day":1,"utc":"11:36:00","flight":"UA465"},{"day":2,"utc":"22:34:00","flight":"UA532"},{"day":2,"utc":"02:08:00","flight":"UA587"},{"day":2,"utc":"19:32:00","flight":"UA846"},{"day":2,"utc":"23:44:00","flight":"UA588"},{"day":2,"utc":"00:57:00","flight":"UA772"},{"day":3,"utc":"12:55:00","flight":"UA497"},{"day":3,"utc":"21:59:00","flight":"UA221"},{"day":3,"utc":"01:50:00","flight":"UA221"},{"day":3,"utc":"13:54:00","flight":"UA819"},{"day":4,"utc":"11:58:00","flight":"UA208"},{"day":5,"utc":"13:04:00","flight":"UA774"},{"day":5,"utc":"11:13:00","flight":"UA612"},{"day":5,"utc":"21:12:00","flight":"UA916"},{"day":5,"utc":"11:25:00","flight":"UA250"},{"day":6,"utc":"04:04:00","flight":"UA134"},{"day":6,"utc":"01:52:00","flight":"UA595"},{"day":6,"utc":"19:24:00","flight":"UA304"},{"day":6,"utc":"02:30:00","flight":"UA663"},{"day":6,"utc":"06:07:00","flight":"UA013"}]}