{"id":20956,"type":"route","airline":"DL","airlineid":"airline_2009","sourceairport":"JFK","destinationairport":"LHR","stops":0,"equipment":"764 76W","schedule":[{"day":0,"utc":"02:24:00","flight":"DL144"},{"day":0,"utc":"15:59:00","flight":"DL541"},{"day":0,"utc":"22:27:00","flight":"DL473"},{"day":0,"utc":"21:32:00","flight":"DL636"},{"day":0,"utc":"20:29:00","flight":"DL103"},{"day":1,"utc":"22:31:00","flight":"DL295"},{"day":1,"utc":"20:34:00","flight":"DL791"},{"day":1,"utc":"04:58:00","flight":"DL596"},{"day":2,"utc":"21:30:00","flight":"DL787"},{"day":2,"utc":"22:30:00","flight":"DL554"},{"day":2,"utc":"18:08:00","flight":"DL881"},{"day":2,"utc":"05:16:00","flight":"DL991"},{"day":2,"utc":"16:28:00","flight":"DL595"},{"day":3,"utc":"11:26:00","flight":"DL746"},{"day":3,"utc":"03:11:00","flight":"DL814"},{"day":3,"utc":"03:46:00","flight":"DL381"},{"day":3,"utc":"19:37:00","flight":"DL658"},{"day":3,"utc":"00:21:00","flight":"DL950"},{"day":4,"utc":"06:37:00","flight":"DL253"},{"day":4,"utc":"01:53:00","flight":"DL055"},{"day":5,"utc":"07:52:00","flight":"DL894"},{"day":5,"utc":"13:51:00","flight":"DL556"},{"day":5,"utc":"07:04:00","flight":"DL601"},{"day":5,"utc":"12:06:00","flight":"DL177"},{"day":6,"utc":"16:14:00","flight":"DL736"},{"day":6,"utc":"14:33:00","flight":"DL056"},{"day":6,"utc":"03:19:00","flight":"DL488"}]}