{"id":55783,"type":"route","airline":"UA","airlineid":"airline_5209","sourceairport":"ALB","destinationairport":"ORD","stops":0,"equipment":"319 73G 738 739","schedule":[{"day":0,"utc":"17:59:00","flight":"UA431"},{"day":1,"utc":"20:52:00","flight":"UA554"},{"day":2,"utc":"07:47:00","flight":"UA657"},{"day":2,"utc":"03:18:00","flight":"UA802"},{"day":2,"utc":"22:27:00","flight":"UA163"},{"day":3,"utc":"18:37:00","flight":"UA310"},{"day":3,"utc":"14:59:00","flight":"UA364"},{"day":3,"utc":"19:29:00","flight":"UA560"},{"day":3,"utc":"01:25:00","flight":"UA002"},{"day":4,"utc":"17:31:00","flight":"UA147"},{"day":5,"utc":"16:54:00","flight":"UA253"},{"day":5,"utc":"13:11:00","flight":"UA109"},{"day":5,"utc":"21:40:00","flight":"UA899"},{"day":5,"utc":"17:04:00","flight":"UA622"},{"day":6,"utc":"01:44:00","flight":"UA842"},{"day":6,"utc":"17:35:00","flight":"UA881"}]}