{"id":6055,"type":"route","airline":"AA","airlineid":"airline_24","sourceairport":"MIA","destinationairport":"KIN","stops":0,"equipment":"738","schedule":[{"day":0,"utc":"12:21:00","flight":"AA882"},{"day":0,"utc":"01:06:00","flight":"AA707"},{"day":0,"utc":"08:56:00","flight":"AA973"},{"day":1,"utc":"01:42:00","flight":"AA026"},{"day":2,"utc":"03:42:00","flight":"AA737"},{"day":3,"utc":"06:25:00","flight":"AA476"},{"day":4,"utc":"10:01:00","flight":"AA449"},{"day":4,"utc":"15:15:00","flight":"AA179"},{"day":4,"utc":"00:39:00","flight":"AA577"},{"day":5,"utc":"11:18:00","flight":"AA979"},{"day":6,"utc":"17:26:00","flight":"AA006"},{"day":6,"utc":"17:39:00","flight":"AA035"},{"day":6,"utc":"15:28:00","flight":"AA233"},{"day":6,"utc":"19:07:00","flight":"AA315"},{"day":6,"utc":"00:53:00","flight":"AA790"}]}