{"id":54035,"type":"route","airline":"TS","airlineid":"airline_1317","sourceairport":"YYZ","destinationairport":"CDG","stops":0,"equipment":"330","schedule":[{"day":0,"utc":"20:34:00","flight":"TS918"},{"day":1,"utc":"15:25:00","flight":"TS457"},{"day":1,"utc":"21:18:00","flight":"TS555"},{"day":2,"utc":"08:57:00","flight":"TS094"},{"day":3,"utc":"06:40:00","flight":"TS179"},{"day":3,"utc":"08:56:00","flight":"TS528"},{"day":3,"utc":"05:20:00","flight":"TS790"},{"day":3,"utc":"19:20:00","flight":"TS180"},{"day":4,"utc":"21:03:00","flight":"TS393"},{"day":5,"utc":"02:03:00","flight":"TS562"},{"day":5,"utc":"04:35:00","flight":"TS121"},{"day":5,"utc":"13:01:00","flight":"TS300"},{"day":5,"utc":"17:17:00","flight":"TS883"},{"day":5,"utc":"11:12:00","flight":"TS662"},{"day":6,"utc":"14:43:00","flight":"TS437"},{"day":6,"utc":"19:09:00","flight":"TS652"}]}