{"id":59817,"type":"route","airline":"US","airlineid":"airline_5265","sourceairport":"MSY","destinationairport":"DFW","stops":0,"equipment":"M80 M83","schedule":[{"day":0,"utc":"18:10:00","flight":"US076"},{"day":1,"utc":"16:13:00","flight":"US344"},{"day":1,"utc":"08:35:00","flight":"US249"},{"day":2,"utc":"06:15:00","flight":"US310"},{"day":3,"utc":"05:55:00","flight":"US970"},{"day":3,"utc":"21:45:00","flight":"US645"},{"day":4,"utc":"04:35:00","flight":"US905"},{"day":4,"utc":"17:59:00","flight":"US619"},{"day":5,"utc":"05:55:00","flight":"US239"},{"day":5,"utc":"03:21:00","flight":"US528"},{"day":6,"utc":"00:31:00","flight":"US453"},{"day":6,"utc":"01:30:00","flight":"US135"},{"day":6,"utc":"03:24:00","flight":"US388"}]}