{"id":57378,"type":"route","airline":"UA","airlineid":"airline_5209","sourceairport":"ORD","destinationairport":"SEA","stops":0,"equipment":"320 752 738 739","schedule":[{"day":0,"utc":"11:29:00","flight":"UA813"},{"day":0,"utc":"10:05:00","flight":"UA363"},{"day":1,"utc":"08:56:00","flight":"UA738"},{"day":1,"utc":"15:57:00","flight":"UA891"},{"day":2,"utc":"14:38:00","flight":"UA928"},{"day":2,"utc":"04:58:00","flight":"UA985"},{"day":2,"utc":"23:34:00","flight":"UA799"},{"day":2,"utc":"15:04:00","flight":"UA029"},{"day":3,"utc":"18:23:00","flight":"UA246"},{"day":3,"utc":"08:11:00","flight":"UA350"},{"day":4,"utc":"13:15:00","flight":"UA676"},{"day":4,"utc":"13:56:00","flight":"UA404"},{"day":4,"utc":"11:08:00","flight":"UA900"},{"day":4,"utc":"00:33:00","flight":"UA651"},{"day":4,"utc":"06:32:00","flight":"UA576"},{"day":5,"utc":"01:22:00","flight":"UA214"},{"day":5,"utc":"22:27:00","flight":"UA801"},{"day":5,"utc":"01:27:00","flight":"UA649"},{"day":6,"utc":"23:36:00","flight":"UA785"},{"day":6,"utc":"11:32:00","flight":"UA117"},{"day":6,"utc":"13:40:00","flight":"UA211"},{"day":6,"utc":"03:52:00","flight":"UA745"},{"day":6,"utc":"23:29:00","flight":"UA478"}]}