{"id":57422,"type":"route","airline":"UA","airlineid":"airline_5209","sourceairport":"PBC","destinationairport":"IAH","stops":0,"equipment":"ERJ","schedule":[{"day":0,"utc":"17:56:00","flight":"UA131"},{"day":0,"utc":"17:28:00","flight":"UA136"},{"day":0,"utc":"08:20:00","flight":"UA559"},{"day":0,"utc":"10:39:00","flight":"UA624"},{"day":0,"utc":"23:57:00","flight":"UA706"},{"day":1,"utc":"03:42:00","flight":"UA394"},{"day":2,"utc":"06:20:00","flight":"UA199"},{"day":2,"utc":"20:57:00","flight":"UA020"},{"day":2,"utc":"18:04:00","flight":"UA843"},{"day":2,"utc":"16:13:00","flight":"UA173"},{"day":3,"utc":"03:55:00","flight":"UA218"},{"day":3,"utc":"12:23:00","flight":"UA856"},{"day":3,"utc":"11:21:00","flight":"UA116"},{"day":3,"utc":"23:18:00","flight":"UA519"},{"day":4,"utc":"12:53:00","flight":"UA436"},{"day":4,"utc":"16:44:00","flight":"UA690"},{"day":4,"utc":"10:24:00","flight":"UA223"},{"day":5,"utc":"12:05:00","flight":"UA947"},{"day":5,"utc":"18:23:00","flight":"UA026"},{"day":5,"utc":"04:01:00","flight":"UA229"},{"day":5,"utc":"14:05:00","flight":"UA531"},{"day":5,"utc":"18:11:00","flight":"UA981"},{"day":6,"utc":"15:01:00","flight":"UA321"},{"day":6,"utc":"05:25:00","flight":"UA063"},{"day":6,"utc":"21:14:00","flight":"UA634"},{"day":6,"utc":"09:11:00","flight":"UA240"}]}