{"id":20490,"type":"route","airline":"DL","airlineid":"airline_2009","sourceairport":"CVG","destinationairport":"DTW","stops":0,"equipment":"ERJ CR9 CRJ","schedule":[{"day":0,"utc":"10:18:00","flight":"DL503"},{"day":0,"utc":"05:04:00","flight":"DL795"},{"day":0,"utc":"02:16:00","flight":"DL213"},{"day":1,"utc":"19:10:00","flight":"DL789"},{"day":1,"utc":"12:46:00","flight":"DL822"},{"day":1,"utc":"05:13:00","flight":"DL865"},{"day":2,"utc":"02:16:00","flight":"DL023"},{"day":2,"utc":"23:55:00","flight":"DL088"},{"day":3,"utc":"15:39:00","flight":"DL371"},{"day":4,"utc":"00:11:00","flight":"DL674"},{"day":5,"utc":"11:01:00","flight":"DL717"},{"day":6,"utc":"05:35:00","flight":"DL192"},{"day":6,"utc":"10:37:00","flight":"DL371"}]}