{"id":56837,"type":"route","airline":"UA","airlineid":"airline_5209","sourceairport":"IAH","destinationairport":"SJC","stops":0,"equipment":"319 320 739 738","schedule":[{"day":0,"utc":"21:49:00","flight":"UA944"},{"day":1,"utc":"18:52:00","flight":"UA905"},{"day":1,"utc":"09:43:00","flight":"UA587"},{"day":2,"utc":"22:38:00","flight":"UA352"},{"day":3,"utc":"15:44:00","flight":"UA995"},{"day":3,"utc":"00:46:00","flight":"UA394"},{"day":3,"utc":"20:03:00","flight":"UA890"},{"day":3,"utc":"14:30:00","flight":"UA896"},{"day":4,"utc":"21:49:00","flight":"UA921"},{"day":5,"utc":"20:04:00","flight":"UA066"},{"day":5,"utc":"17:59:00","flight":"UA072"},{"day":5,"utc":"01:12:00","flight":"UA366"},{"day":5,"utc":"07:20:00","flight":"UA277"},{"day":5,"utc":"00:56:00","flight":"UA302"},{"day":6,"utc":"14:47:00","flight":"UA868"},{"day":6,"utc":"15:56:00","flight":"UA956"},{"day":6,"utc":"13:06:00","flight":"UA978"}]}