{"id":54926,"type":"route","airline":"U2","airlineid":"airline_2297","sourceairport":"LGW","destinationairport":"BJV","stops":0,"equipment":"320","schedule":[{"day":0,"utc":"00:52:00","flight":"U2160"},{"day":0,"utc":"18:47:00","flight":"U2840"},{"day":0,"utc":"22:58:00","flight":"U2423"},{"day":0,"utc":"23:40:00","flight":"U2897"},{"day":1,"utc":"00:45:00","flight":"U2776"},{"day":1,"utc":"07:14:00","flight":"U2950"},{"day":1,"utc":"09:33:00","flight":"U2768"},{"day":1,"utc":"09:33:00","flight":"U2614"},{"day":1,"utc":"20:39:00","flight":"U2581"},{"day":2,"utc":"03:08:00","flight":"U2190"},{"day":2,"utc":"12:46:00","flight":"U2607"},{"day":3,"utc":"08:41:00","flight":"U2902"},{"day":3,"utc":"23:28:00","flight":"U2215"},{"day":3,"utc":"23:06:00","flight":"U2273"},{"day":3,"utc":"20:33:00","flight":"U2648"},{"day":4,"utc":"09:40:00","flight":"U2549"},{"day":4,"utc":"07:45:00","flight":"U2088"},{"day":4,"utc":"03:26:00","flight":"U2187"},{"day":4,"utc":"10:40:00","flight":"U2345"},{"day":5,"utc":"00:55:00","flight":"U2960"},{"day":5,"utc":"22:53:00","flight":"U2360"},{"day":5,"utc":"05:55:00","flight":"U2532"},{"day":6,"utc":"04:13:00","flight":"U2701"},{"day":6,"utc":"18:40:00","flight":"U2756"},{"day":6,"utc":"09:28:00","flight":"U2536"}]}