{"id":53092,"type":"route","airline":"TO","airlineid":"airline_8745","sourceairport":"DLM","destinationairport":"LTN","stops":0,"equipment":"75W 73H","schedule":[{"day":0,"utc":"22:49:00","flight":"TO317"},{"day":0,"utc":"22:46:00","flight":"TO025"},{"day":0,"utc":"07:11:00","flight":"TO362"},{"day":1,"utc":"03:48:00","flight":"TO264"},{"day":2,"utc":"11:00:00","flight":"TO694"},{"day":2,"utc":"03:58:00","flight":"TO883"},{"day":2,"utc":"14:30:00","flight":"TO778"},{"day":3,"utc":"18:47:00","flight":"TO711"},{"day":3,"utc":"15:19:00","flight":"TO444"},{"day":3,"utc":"11:29:00","flight":"TO264"},{"day":4,"utc":"18:54:00","flight":"TO580"},{"day":4,"utc":"00:54:00","flight":"TO395"},{"day":4,"utc":"12:31:00","flight":"TO394"},{"day":5,"utc":"01:39:00","flight":"TO591"},{"day":6,"utc":"00:03:00","flight":"TO682"},{"day":6,"utc":"16:37:00","flight":"TO528"},{"day":6,"utc":"13:50:00","flight":"TO049"}]}