{"id":15158,"type":"route","airline":"BE","airlineid":"airline_2421","sourceairport":"GLA","destinationairport":"ILY","stops":0,"equipment":"SF3","schedule":[{"day":0,"utc":"17:22:00","flight":"BE084"},{"day":0,"utc":"22:06:00","flight":"BE602"},{"day":0,"utc":"10:30:00","flight":"BE169"},{"day":0,"utc":"12:43:00","flight":"BE228"},{"day":1,"utc":"18:39:00","flight":"BE254"},{"day":1,"utc":"07:32:00","flight":"BE815"},{"day":1,"utc":"12:27:00","flight":"BE762"},{"day":1,"utc":"02:27:00","flight":"BE259"},{"day":1,"utc":"19:48:00","flight":"BE014"},{"day":2,"utc":"16:39:00","flight":"BE489"},{"day":2,"utc":"06:45:00","flight":"BE675"},{"day":2,"utc":"08:44:00","flight":"BE171"},{"day":3,"utc":"09:30:00","flight":"BE436"},{"day":4,"utc":"02:13:00","flight":"BE339"},{"day":4,"utc":"03:17:00","flight":"BE436"},{"day":4,"utc":"18:58:00","flight":"BE460"},{"day":5,"utc":"07:04:00","flight":"BE525"},{"day":5,"utc":"16:28:00","flight":"BE909"},{"day":6,"utc":"19:21:00","flight":"BE501"},{"day":6,"utc":"04:39:00","flight":"BE061"},{"day":6,"utc":"23:33:00","flight":"BE356"},{"day":6,"utc":"18:34:00","flight":"BE128"},{"day":6,"utc":"21:17:00","flight":"BE379"}]}