{"id":58594,"type":"route","airline":"US","airlineid":"airline_5265","sourceairport":"ANC","destinationairport":"PHX","stops":0,"equipment":"319 320","schedule":[{"day":0,"utc":"14:08:00","flight":"US184"},{"day":0,"utc":"19:41:00","flight":"US440"},{"day":0,"utc":"03:19:00","flight":"US820"},{"day":0,"utc":"10:22:00","flight":"US238"},{"day":0,"utc":"20:20:00","flight":"US943"},{"day":1,"utc":"01:21:00","flight":"US892"},{"day":1,"utc":"05:08:00","flight":"US374"},{"day":1,"utc":"21:01:00","flight":"US444"},{"day":1,"utc":"17:43:00","flight":"US831"},{"day":1,"utc":"15:20:00","flight":"US107"},{"day":2,"utc":"14:34:00","flight":"US607"},{"day":2,"utc":"13:13:00","flight":"US786"},{"day":3,"utc":"10:59:00","flight":"US501"},{"day":3,"utc":"22:24:00","flight":"US281"},{"day":4,"utc":"06:36:00","flight":"US178"},{"day":4,"utc":"22:30:00","flight":"US857"},{"day":5,"utc":"04:05:00","flight":"US360"},{"day":5,"utc":"02:08:00","flight":"US293"},{"day":6,"utc":"13:33:00","flight":"US723"}]}