{"id":30458,"type":"route","airline":"GS","airlineid":"airline_690","sourceairport":"WNZ","destinationairport":"KHN","stops":0,"equipment":"E90","schedule":[{"day":0,"utc":"11:14:00","flight":"GS983"},{"day":0,"utc":"14:35:00","flight":"GS475"},{"day":0,"utc":"14:45:00","flight":"GS378"},{"day":0,"utc":"05:47:00","flight":"GS485"},{"day":1,"utc":"14:22:00","flight":"GS603"},{"day":2,"utc":"17:30:00","flight":"GS160"},{"day":2,"utc":"10:40:00","flight":"GS394"},{"day":3,"utc":"13:10:00","flight":"GS731"},{"day":4,"utc":"07:19:00","flight":"GS667"},{"day":4,"utc":"05:10:00","flight":"GS381"},{"day":4,"utc":"02:50:00","flight":"GS676"},{"day":4,"utc":"00:57:00","flight":"GS495"},{"day":4,"utc":"04:54:00","flight":"GS260"},{"day":5,"utc":"18:44:00","flight":"GS909"},{"day":5,"utc":"13:45:00","flight":"GS401"},{"day":5,"utc":"14:53:00","flight":"GS797"},{"day":5,"utc":"15:52:00","flight":"GS614"},{"day":5,"utc":"05:46:00","flight":"GS454"},{"day":6,"utc":"05:38:00","flight":"GS656"},{"day":6,"utc":"00:32:00","flight":"GS601"},{"day":6,"utc":"05:16:00","flight":"GS603"},{"day":6,"utc":"10:00:00","flight":"GS823"},{"day":6,"utc":"19:58:00","flight":"GS985"}]}