{"id":21257,"type":"route","airline":"DL","airlineid":"airline_2009","sourceairport":"MEM","destinationairport":"DEN","stops":0,"equipment":"CR9","schedule":[{"day":0,"utc":"14:46:00","flight":"DL278"},{"day":0,"utc":"22:40:00","flight":"DL613"},{"day":0,"utc":"19:07:00","flight":"DL920"},{"day":0,"utc":"23:31:00","flight":"DL191"},{"day":0,"utc":"15:26:00","flight":"DL967"},{"day":1,"utc":"02:16:00","flight":"DL352"},{"day":1,"utc":"06:31:00","flight":"DL422"},{"day":1,"utc":"03:02:00","flight":"DL422"},{"day":2,"utc":"19:37:00","flight":"DL607"},{"day":3,"utc":"15:20:00","flight":"DL387"},{"day":3,"utc":"13:36:00","flight":"DL962"},{"day":3,"utc":"20:25:00","flight":"DL617"},{"day":4,"utc":"15:58:00","flight":"DL908"},{"day":4,"utc":"12:09:00","flight":"DL083"},{"day":4,"utc":"11:30:00","flight":"DL470"},{"day":4,"utc":"18:15:00","flight":"DL923"},{"day":4,"utc":"15:08:00","flight":"DL740"},{"day":5,"utc":"02:44:00","flight":"DL533"},{"day":5,"utc":"18:45:00","flight":"DL564"},{"day":6,"utc":"08:31:00","flight":"DL253"},{"day":6,"utc":"01:56:00","flight":"DL429"},{"day":6,"utc":"14:45:00","flight":"DL948"}]}