{"id":37017,"type":"route","airline":"KM","airlineid":"airline_242","sourceairport":"MAN","destinationairport":"MLA","stops":0,"equipment":"320","schedule":[{"day":0,"utc":"03:11:00","flight":"KM765"},{"day":0,"utc":"04:06:00","flight":"KM227"},{"day":0,"utc":"20:16:00","flight":"KM620"},{"day":0,"utc":"17:25:00","flight":"KM945"},{"day":0,"utc":"02:56:00","flight":"KM477"},{"day":1,"utc":"20:19:00","flight":"KM687"},{"day":1,"utc":"23:44:00","flight":"KM661"},{"day":2,"utc":"18:48:00","flight":"KM266"},{"day":3,"utc":"12:10:00","flight":"KM394"},{"day":4,"utc":"13:42:00","flight":"KM358"},{"day":4,"utc":"22:48:00","flight":"KM439"},{"day":4,"utc":"07:41:00","flight":"KM056"},{"day":5,"utc":"22:02:00","flight":"KM824"},{"day":5,"utc":"09:06:00","flight":"KM408"},{"day":5,"utc":"17:57:00","flight":"KM943"},{"day":6,"utc":"00:10:00","flight":"KM915"},{"day":6,"utc":"22:50:00","flight":"KM011"},{"day":6,"utc":"16:00:00","flight":"KM662"},{"day":6,"utc":"14:53:00","flight":"KM495"}]}