{"id":11697,"type":"route","airline":"AS","airlineid":"airline_439","sourceairport":"LAX","destinationairport":"ATL","stops":0,"equipment":"763 757 73H 76W","schedule":[{"day":0,"utc":"17:34:00","flight":"AS649"},{"day":0,"utc":"11:04:00","flight":"AS253"},{"day":1,"utc":"01:14:00","flight":"AS696"},{"day":1,"utc":"19:37:00","flight":"AS321"},{"day":2,"utc":"08:22:00","flight":"AS612"},{"day":2,"utc":"03:49:00","flight":"AS123"},{"day":2,"utc":"03:42:00","flight":"AS819"},{"day":2,"utc":"09:50:00","flight":"AS391"},{"day":2,"utc":"04:41:00","flight":"AS646"},{"day":3,"utc":"20:51:00","flight":"AS675"},{"day":3,"utc":"16:02:00","flight":"AS288"},{"day":4,"utc":"08:06:00","flight":"AS765"},{"day":5,"utc":"13:05:00","flight":"AS664"},{"day":5,"utc":"09:31:00","flight":"AS267"},{"day":5,"utc":"02:08:00","flight":"AS269"},{"day":5,"utc":"17:56:00","flight":"AS361"},{"day":5,"utc":"17:44:00","flight":"AS272"},{"day":6,"utc":"17:50:00","flight":"AS179"},{"day":6,"utc":"13:49:00","flight":"AS211"},{"day":6,"utc":"02:43:00","flight":"AS841"},{"day":6,"utc":"14:23:00","flight":"AS753"}]}