{"id":56403,"type":"route","airline":"UA","airlineid":"airline_5209","sourceairport":"EWR","destinationairport":"STT","stops":0,"equipment":"73G","schedule":[{"day":0,"utc":"11:57:00","flight":"UA843"},{"day":0,"utc":"03:03:00","flight":"UA804"},{"day":1,"utc":"06:37:00","flight":"UA818"},{"day":1,"utc":"17:10:00","flight":"UA894"},{"day":1,"utc":"06:22:00","flight":"UA086"},{"day":1,"utc":"11:28:00","flight":"UA202"},{"day":1,"utc":"07:58:00","flight":"UA979"},{"day":2,"utc":"13:20:00","flight":"UA901"},{"day":2,"utc":"00:26:00","flight":"UA332"},{"day":2,"utc":"00:49:00","flight":"UA347"},{"day":2,"utc":"18:25:00","flight":"UA452"},{"day":2,"utc":"22:35:00","flight":"UA039"},{"day":3,"utc":"20:54:00","flight":"UA186"},{"day":3,"utc":"14:30:00","flight":"UA513"},{"day":3,"utc":"09:46:00","flight":"UA971"},{"day":3,"utc":"08:48:00","flight":"UA954"},{"day":3,"utc":"03:42:00","flight":"UA912"},{"day":4,"utc":"01:09:00","flight":"UA541"},{"day":5,"utc":"12:00:00","flight":"UA299"},{"day":5,"utc":"17:37:00","flight":"UA127"},{"day":5,"utc":"19:01:00","flight":"UA797"},{"day":5,"utc":"02:37:00","flight":"UA526"},{"day":6,"utc":"07:01:00","flight":"UA821"}]}