{"id":59412,"type":"route","airline":"US","airlineid":"airline_5265","sourceairport":"JAX","destinationairport":"PHL","stops":0,"equipment":"E90","schedule":[{"day":0,"utc":"17:52:00","flight":"US663"},{"day":1,"utc":"05:57:00","flight":"US037"},{"day":1,"utc":"20:24:00","flight":"US511"},{"day":1,"utc":"16:12:00","flight":"US069"},{"day":1,"utc":"03:34:00","flight":"US035"},{"day":1,"utc":"02:51:00","flight":"US889"},{"day":2,"utc":"19:55:00","flight":"US505"},{"day":2,"utc":"20:17:00","flight":"US032"},{"day":2,"utc":"09:13:00","flight":"US882"},{"day":2,"utc":"15:43:00","flight":"US290"},{"day":3,"utc":"11:34:00","flight":"US453"},{"day":3,"utc":"07:03:00","flight":"US710"},{"day":4,"utc":"21:16:00","flight":"US475"},{"day":4,"utc":"19:17:00","flight":"US835"},{"day":4,"utc":"02:08:00","flight":"US367"},{"day":5,"utc":"17:33:00","flight":"US712"},{"day":5,"utc":"09:45:00","flight":"US580"},{"day":6,"utc":"23:49:00","flight":"US035"},{"day":6,"utc":"21:06:00","flight":"US828"}]}