{"id":25078,"type":"route","airline":"FL","airlineid":"airline_1316","sourceairport":"EYW","destinationairport":"TPA","stops":0,"equipment":"73W","schedule":[{"day":0,"utc":"04:45:00","flight":"FL626"},{"day":0,"utc":"16:04:00","flight":"FL929"},{"day":1,"utc":"17:09:00","flight":"FL656"},{"day":1,"utc":"22:51:00","flight":"FL846"},{"day":1,"utc":"00:59:00","flight":"FL090"},{"day":1,"utc":"09:52:00","flight":"FL601"},{"day":1,"utc":"23:33:00","flight":"FL508"},{"day":2,"utc":"17:00:00","flight":"FL088"},{"day":2,"utc":"04:50:00","flight":"FL383"},{"day":3,"utc":"19:35:00","flight":"FL093"},{"day":3,"utc":"12:29:00","flight":"FL055"},{"day":3,"utc":"11:28:00","flight":"FL701"},{"day":4,"utc":"07:42:00","flight":"FL015"},{"day":5,"utc":"19:57:00","flight":"FL254"},{"day":5,"utc":"05:10:00","flight":"FL448"},{"day":5,"utc":"13:30:00","flight":"FL233"},{"day":6,"utc":"10:48:00","flight":"FL490"},{"day":6,"utc":"15:33:00","flight":"FL955"},{"day":6,"utc":"05:52:00","flight":"FL154"},{"day":6,"utc":"10:34:00","flight":"FL660"}]}