{"id":54628,"type":"route","airline":"U2","airlineid":"airline_2297","sourceairport":"CAG","destinationairport":"MXP","stops":0,"equipment":"320 319","schedule":[{"day":0,"utc":"14:22:00","flight":"U2631"},{"day":0,"utc":"14:43:00","flight":"U2953"},{"day":1,"utc":"12:55:00","flight":"U2975"},{"day":1,"utc":"12:39:00","flight":"U2849"},{"day":2,"utc":"01:58:00","flight":"U2873"},{"day":3,"utc":"23:34:00","flight":"U2496"},{"day":3,"utc":"17:18:00","flight":"U2022"},{"day":3,"utc":"08:43:00","flight":"U2749"},{"day":3,"utc":"01:55:00","flight":"U2749"},{"day":4,"utc":"02:46:00","flight":"U2627"},{"day":4,"utc":"20:19:00","flight":"U2350"},{"day":5,"utc":"06:25:00","flight":"U2989"},{"day":5,"utc":"23:58:00","flight":"U2023"},{"day":5,"utc":"15:43:00","flight":"U2138"},{"day":5,"utc":"00:53:00","flight":"U2026"},{"day":5,"utc":"11:02:00","flight":"U2278"},{"day":6,"utc":"04:19:00","flight":"U2309"},{"day":6,"utc":"23:16:00","flight":"U2246"},{"day":6,"utc":"06:07:00","flight":"U2604"}]}