{"id":59036,"type":"route","airline":"US","airlineid":"airline_5265","sourceairport":"DFW","destinationairport":"CHS","stops":0,"equipment":"ER4 ERD","schedule":[{"day":0,"utc":"10:54:00","flight":"US091"},{"day":0,"utc":"17:35:00","flight":"US540"},{"day":0,"utc":"16:59:00","flight":"US635"},{"day":1,"utc":"23:26:00","flight":"US073"},{"day":2,"utc":"05:51:00","flight":"US320"},{"day":2,"utc":"18:17:00","flight":"US806"},{"day":2,"utc":"00:09:00","flight":"US383"},{"day":2,"utc":"04:29:00","flight":"US929"},{"day":3,"utc":"06:31:00","flight":"US936"},{"day":3,"utc":"12:35:00","flight":"US375"},{"day":4,"utc":"23:50:00","flight":"US391"},{"day":5,"utc":"22:05:00","flight":"US437"},{"day":5,"utc":"21:12:00","flight":"US873"},{"day":6,"utc":"01:43:00","flight":"US434"},{"day":6,"utc":"05:54:00","flight":"US430"},{"day":6,"utc":"00:12:00","flight":"US636"},{"day":6,"utc":"08:13:00","flight":"US319"},{"day":6,"utc":"15:41:00","flight":"US735"}]}