{"id":4993,"type":"route","airline":"AA","airlineid":"airline_24","sourceairport":"CLT","destinationairport":"RIC","stops":0,"equipment":"319 CR7","schedule":[{"day":0,"utc":"09:16:00","flight":"AA407"},{"day":0,"utc":"15:28:00","flight":"AA250"},{"day":0,"utc":"07:20:00","flight":"AA834"},{"day":0,"utc":"16:13:00","flight":"AA217"},{"day":1,"utc":"14:09:00","flight":"AA118"},{"day":1,"utc":"17:27:00","flight":"AA853"},{"day":1,"utc":"23:55:00","flight":"AA781"},{"day":1,"utc":"16:05:00","flight":"AA991"},{"day":2,"utc":"01:41:00","flight":"AA230"},{"day":2,"utc":"02:43:00","flight":"AA093"},{"day":2,"utc":"04:28:00","flight":"AA875"},{"day":3,"utc":"08:48:00","flight":"AA489"},{"day":3,"utc":"08:57:00","flight":"AA277"},{"day":3,"utc":"00:29:00","flight":"AA344"},{"day":4,"utc":"11:17:00","flight":"AA709"},{"day":4,"utc":"18:08:00","flight":"AA798"},{"day":4,"utc":"14:09:00","flight":"AA370"},{"day":4,"utc":"03:03:00","flight":"AA560"},{"day":4,"utc":"20:34:00","flight":"AA307"},{"day":5,"utc":"05:50:00","flight":"AA109"},{"day":5,"utc":"19:05:00","flight":"AA604"},{"day":6,"utc":"09:11:00","flight":"AA771"},{"day":6,"utc":"18:21:00","flight":"AA084"},{"day":6,"utc":"20:52:00","flight":"AA382"},{"day":6,"utc":"22:53:00","flight":"AA061"}]}