{"id":25510,"type":"route","airline":"FL","airlineid":"airline_1316","sourceairport":"SNA","destinationairport":"DEN","stops":0,"equipment":"73W","schedule":[{"day":0,"utc":"00:45:00","flight":"FL174"},{"day":0,"utc":"01:37:00","flight":"FL262"},{"day":0,"utc":"05:59:00","flight":"FL650"},{"day":0,"utc":"13:00:00","flight":"FL675"},{"day":0,"utc":"02:48:00","flight":"FL624"},{"day":1,"utc":"09:18:00","flight":"FL796"},{"day":1,"utc":"05:01:00","flight":"FL922"},{"day":1,"utc":"11:03:00","flight":"FL271"},{"day":1,"utc":"22:29:00","flight":"FL312"},{"day":1,"utc":"16:00:00","flight":"FL681"},{"day":2,"utc":"06:09:00","flight":"FL073"},{"day":2,"utc":"19:53:00","flight":"FL615"},{"day":2,"utc":"06:30:00","flight":"FL710"},{"day":3,"utc":"11:57:00","flight":"FL776"},{"day":3,"utc":"14:52:00","flight":"FL543"},{"day":3,"utc":"21:30:00","flight":"FL491"},{"day":4,"utc":"02:56:00","flight":"FL828"},{"day":4,"utc":"19:14:00","flight":"FL016"},{"day":4,"utc":"19:16:00","flight":"FL426"},{"day":5,"utc":"11:27:00","flight":"FL523"},{"day":6,"utc":"23:04:00","flight":"FL598"},{"day":6,"utc":"00:07:00","flight":"FL397"},{"day":6,"utc":"11:41:00","flight":"FL866"},{"day":6,"utc":"02:31:00","flight":"FL248"}]}