{"id":57251,"type":"route","airline":"UA","airlineid":"airline_5209","sourceairport":"ONT","destinationairport":"SFO","stops":0,"equipment":"CRJ","schedule":[{"day":0,"utc":"15:19:00","flight":"UA052"},{"day":1,"utc":"02:16:00","flight":"UA332"},{"day":1,"utc":"01:47:00","flight":"UA023"},{"day":1,"utc":"12:51:00","flight":"UA868"},{"day":1,"utc":"07:31:00","flight":"UA081"},{"day":1,"utc":"23:51:00","flight":"UA990"},{"day":2,"utc":"02:06:00","flight":"UA181"},{"day":2,"utc":"22:32:00","flight":"UA012"},{"day":3,"utc":"16:11:00","flight":"UA215"},{"day":3,"utc":"13:04:00","flight":"UA492"},{"day":3,"utc":"19:56:00","flight":"UA085"},{"day":4,"utc":"00:25:00","flight":"UA457"},{"day":4,"utc":"22:54:00","flight":"UA024"},{"day":5,"utc":"22:18:00","flight":"UA787"},{"day":5,"utc":"09:56:00","flight":"UA856"},{"day":5,"utc":"08:59:00","flight":"UA548"},{"day":5,"utc":"10:53:00","flight":"UA538"},{"day":6,"utc":"14:09:00","flight":"UA677"}]}