{"id":24388,"type":"route","airline":"F9","airlineid":"airline_2468","sourceairport":"DEN","destinationairport":"MDT","stops":0,"equipment":"319","schedule":[{"day":0,"utc":"16:11:00","flight":"F9899"},{"day":0,"utc":"02:12:00","flight":"F9598"},{"day":0,"utc":"19:03:00","flight":"F9777"},{"day":1,"utc":"20:45:00","flight":"F9571"},{"day":1,"utc":"09:53:00","flight":"F9281"},{"day":1,"utc":"06:37:00","flight":"F9029"},{"day":1,"utc":"20:36:00","flight":"F9947"},{"day":1,"utc":"15:27:00","flight":"F9310"},{"day":2,"utc":"17:03:00","flight":"F9631"},{"day":3,"utc":"08:44:00","flight":"F9036"},{"day":3,"utc":"23:44:00","flight":"F9210"},{"day":3,"utc":"13:54:00","flight":"F9634"},{"day":3,"utc":"18:23:00","flight":"F9029"},{"day":3,"utc":"04:03:00","flight":"F9304"},{"day":4,"utc":"14:54:00","flight":"F9756"},{"day":4,"utc":"20:15:00","flight":"F9402"},{"day":4,"utc":"20:11:00","flight":"F9706"},{"day":5,"utc":"04:01:00","flight":"F9865"},{"day":5,"utc":"20:07:00","flight":"F9261"},{"day":5,"utc":"16:44:00","flight":"F9066"},{"day":5,"utc":"17:22:00","flight":"F9485"},{"day":6,"utc":"03:11:00","flight":"F9583"},{"day":6,"utc":"06:42:00","flight":"F9423"},{"day":6,"utc":"03:13:00","flight":"F9885"},{"day":6,"utc":"13:48:00","flight":"F9750"}]}