{"id":14494,"type":"route","airline":"BA","airlineid":"airline_1355","sourceairport":"DUB","destinationairport":"JFK","stops":0,"equipment":"757","schedule":[{"day":0,"utc":"10:58:00","flight":"BA982"},{"day":0,"utc":"13:59:00","flight":"BA844"},{"day":0,"utc":"17:11:00","flight":"BA498"},{"day":1,"utc":"05:13:00","flight":"BA143"},{"day":1,"utc":"08:26:00","flight":"BA480"},{"day":1,"utc":"21:23:00","flight":"BA394"},{"day":1,"utc":"05:26:00","flight":"BA262"},{"day":2,"utc":"15:50:00","flight":"BA450"},{"day":2,"utc":"13:35:00","flight":"BA719"},{"day":2,"utc":"12:54:00","flight":"BA978"},{"day":2,"utc":"08:51:00","flight":"BA753"},{"day":3,"utc":"09:50:00","flight":"BA617"},{"day":3,"utc":"05:30:00","flight":"BA123"},{"day":4,"utc":"20:00:00","flight":"BA175"},{"day":4,"utc":"09:18:00","flight":"BA565"},{"day":4,"utc":"07:09:00","flight":"BA204"},{"day":5,"utc":"10:11:00","flight":"BA725"},{"day":5,"utc":"00:11:00","flight":"BA900"},{"day":5,"utc":"08:47:00","flight":"BA608"},{"day":5,"utc":"23:55:00","flight":"BA437"},{"day":5,"utc":"07:30:00","flight":"BA959"},{"day":6,"utc":"17:32:00","flight":"BA972"},{"day":6,"utc":"00:45:00","flight":"BA216"}]}