{"id":63653,"type":"route","airline":"WN","airlineid":"airline_4547","sourceairport":"CLT","destinationairport":"HOU","stops":0,"equipment":"733 73W","schedule":[{"day":0,"utc":"04:55:00","flight":"WN946"},{"day":0,"utc":"03:10:00","flight":"WN388"},{"day":1,"utc":"10:47:00","flight":"WN359"},{"day":1,"utc":"15:32:00","flight":"WN790"},{"day":1,"utc":"16:07:00","flight":"WN325"},{"day":1,"utc":"22:21:00","flight":"WN175"},{"day":2,"utc":"04:04:00","flight":"WN451"},{"day":3,"utc":"14:23:00","flight":"WN444"},{"day":3,"utc":"03:47:00","flight":"WN591"},{"day":3,"utc":"00:59:00","flight":"WN684"},{"day":3,"utc":"13:31:00","flight":"WN370"},{"day":3,"utc":"09:14:00","flight":"WN714"},{"day":4,"utc":"02:43:00","flight":"WN632"},{"day":4,"utc":"19:23:00","flight":"WN060"},{"day":4,"utc":"13:20:00","flight":"WN451"},{"day":4,"utc":"15:55:00","flight":"WN439"},{"day":5,"utc":"21:35:00","flight":"WN589"},{"day":5,"utc":"09:08:00","flight":"WN652"},{"day":5,"utc":"00:35:00","flight":"WN448"},{"day":5,"utc":"06:13:00","flight":"WN731"},{"day":6,"utc":"23:08:00","flight":"WN732"},{"day":6,"utc":"16:46:00","flight":"WN394"}]}