{"id":21788,"type":"route","airline":"DL","airlineid":"airline_2009","sourceairport":"SLC","destinationairport":"BTM","stops":0,"equipment":"CRJ","schedule":[{"day":0,"utc":"08:01:00","flight":"DL515"},{"day":0,"utc":"00:24:00","flight":"DL246"},{"day":1,"utc":"10:48:00","flight":"DL856"},{"day":1,"utc":"05:11:00","flight":"DL538"},{"day":1,"utc":"17:07:00","flight":"DL858"},{"day":2,"utc":"19:15:00","flight":"DL953"},{"day":2,"utc":"19:44:00","flight":"DL860"},{"day":2,"utc":"08:17:00","flight":"DL605"},{"day":2,"utc":"07:50:00","flight":"DL139"},{"day":2,"utc":"06:57:00","flight":"DL577"},{"day":3,"utc":"20:10:00","flight":"DL906"},{"day":3,"utc":"06:49:00","flight":"DL166"},{"day":4,"utc":"16:47:00","flight":"DL404"},{"day":5,"utc":"23:03:00","flight":"DL948"},{"day":5,"utc":"21:08:00","flight":"DL116"},{"day":6,"utc":"21:11:00","flight":"DL497"},{"day":6,"utc":"15:09:00","flight":"DL072"},{"day":6,"utc":"07:56:00","flight":"DL894"}]}