{"id":36275,"type":"route","airline":"KL","airlineid":"airline_3090","sourceairport":"AMS","destinationairport":"NWI","stops":0,"equipment":"F70","schedule":[{"day":0,"utc":"14:06:00","flight":"KL502"},{"day":1,"utc":"09:39:00","flight":"KL721"},{"day":1,"utc":"15:41:00","flight":"KL095"},{"day":1,"utc":"07:23:00","flight":"KL001"},{"day":2,"utc":"02:35:00","flight":"KL577"},{"day":2,"utc":"07:39:00","flight":"KL709"},{"day":2,"utc":"23:11:00","flight":"KL415"},{"day":2,"utc":"20:38:00","flight":"KL176"},{"day":2,"utc":"05:09:00","flight":"KL174"},{"day":3,"utc":"07:42:00","flight":"KL268"},{"day":3,"utc":"11:06:00","flight":"KL280"},{"day":3,"utc":"04:46:00","flight":"KL193"},{"day":3,"utc":"15:37:00","flight":"KL942"},{"day":3,"utc":"22:09:00","flight":"KL781"},{"day":4,"utc":"01:57:00","flight":"KL558"},{"day":4,"utc":"11:02:00","flight":"KL138"},{"day":5,"utc":"02:56:00","flight":"KL913"},{"day":5,"utc":"03:23:00","flight":"KL838"},{"day":5,"utc":"13:35:00","flight":"KL365"},{"day":5,"utc":"02:35:00","flight":"KL437"},{"day":5,"utc":"11:16:00","flight":"KL186"},{"day":6,"utc":"09:11:00","flight":"KL694"},{"day":6,"utc":"20:48:00","flight":"KL434"},{"day":6,"utc":"13:39:00","flight":"KL657"},{"day":6,"utc":"14:12:00","flight":"KL456"}]}