{"id":59997,"type":"route","airline":"US","airlineid":"airline_5265","sourceairport":"PBC","destinationairport":"DFW","stops":0,"equipment":"ERD","schedule":[{"day":0,"utc":"22:48:00","flight":"US732"},{"day":0,"utc":"15:57:00","flight":"US321"},{"day":0,"utc":"14:28:00","flight":"US024"},{"day":0,"utc":"07:48:00","flight":"US165"},{"day":0,"utc":"21:16:00","flight":"US648"},{"day":1,"utc":"22:51:00","flight":"US330"},{"day":1,"utc":"06:53:00","flight":"US781"},{"day":2,"utc":"08:44:00","flight":"US689"},{"day":2,"utc":"20:30:00","flight":"US466"},{"day":2,"utc":"08:09:00","flight":"US307"},{"day":3,"utc":"11:22:00","flight":"US004"},{"day":3,"utc":"17:35:00","flight":"US402"},{"day":4,"utc":"06:07:00","flight":"US446"},{"day":5,"utc":"12:47:00","flight":"US598"},{"day":6,"utc":"00:19:00","flight":"US602"},{"day":6,"utc":"18:58:00","flight":"US022"},{"day":6,"utc":"20:29:00","flight":"US599"}]}