{"id":56254,"type":"route","airline":"UA","airlineid":"airline_5209","sourceairport":"DTW","destinationairport":"ORD","stops":0,"equipment":"320","schedule":[{"day":0,"utc":"22:45:00","flight":"UA898"},{"day":0,"utc":"13:32:00","flight":"UA937"},{"day":0,"utc":"01:52:00","flight":"UA877"},{"day":1,"utc":"20:14:00","flight":"UA475"},{"day":1,"utc":"02:23:00","flight":"UA452"},{"day":2,"utc":"22:15:00","flight":"UA963"},{"day":2,"utc":"10:29:00","flight":"UA268"},{"day":2,"utc":"06:51:00","flight":"UA901"},{"day":2,"utc":"23:34:00","flight":"UA714"},{"day":3,"utc":"18:50:00","flight":"UA411"},{"day":3,"utc":"01:26:00","flight":"UA553"},{"day":3,"utc":"11:41:00","flight":"UA521"},{"day":4,"utc":"05:19:00","flight":"UA541"},{"day":4,"utc":"21:39:00","flight":"UA117"},{"day":4,"utc":"06:11:00","flight":"UA268"},{"day":5,"utc":"13:22:00","flight":"UA141"},{"day":5,"utc":"17:37:00","flight":"UA970"},{"day":6,"utc":"12:23:00","flight":"UA634"}]}