{"id":14791,"type":"route","airline":"BA","airlineid":"airline_1355","sourceairport":"LIS","destinationairport":"LHR","stops":0,"equipment":"320","schedule":[{"day":0,"utc":"01:35:00","flight":"BA330"},{"day":0,"utc":"17:04:00","flight":"BA460"},{"day":0,"utc":"11:14:00","flight":"BA267"},{"day":0,"utc":"11:32:00","flight":"BA624"},{"day":1,"utc":"14:33:00","flight":"BA071"},{"day":1,"utc":"11:43:00","flight":"BA057"},{"day":1,"utc":"19:22:00","flight":"BA149"},{"day":1,"utc":"00:55:00","flight":"BA037"},{"day":1,"utc":"05:11:00","flight":"BA893"},{"day":2,"utc":"08:58:00","flight":"BA080"},{"day":2,"utc":"10:08:00","flight":"BA504"},{"day":2,"utc":"13:34:00","flight":"BA350"},{"day":2,"utc":"20:59:00","flight":"BA900"},{"day":2,"utc":"08:22:00","flight":"BA652"},{"day":3,"utc":"04:03:00","flight":"BA918"},{"day":3,"utc":"16:39:00","flight":"BA719"},{"day":3,"utc":"20:17:00","flight":"BA601"},{"day":4,"utc":"06:58:00","flight":"BA225"},{"day":4,"utc":"16:12:00","flight":"BA418"},{"day":4,"utc":"14:01:00","flight":"BA123"},{"day":4,"utc":"15:59:00","flight":"BA152"},{"day":4,"utc":"02:50:00","flight":"BA498"},{"day":5,"utc":"07:00:00","flight":"BA321"},{"day":5,"utc":"21:43:00","flight":"BA757"},{"day":6,"utc":"04:52:00","flight":"BA734"}]}