{"id":4491,"type":"route","airline":"A5","airlineid":"airline_1203","sourceairport":"AUR","destinationairport":"ORY","stops":0,"equipment":"AT5","schedule":[{"day":0,"utc":"10:53:00","flight":"A5936"},{"day":0,"utc":"23:34:00","flight":"A5968"},{"day":0,"utc":"23:07:00","flight":"A5645"},{"day":0,"utc":"23:04:00","flight":"A5701"},{"day":1,"utc":"16:18:00","flight":"A5238"},{"day":1,"utc":"19:00:00","flight":"A5012"},{"day":2,"utc":"09:24:00","flight":"A5676"},{"day":2,"utc":"22:17:00","flight":"A5649"},{"day":2,"utc":"16:02:00","flight":"A5598"},{"day":2,"utc":"20:46:00","flight":"A5089"},{"day":3,"utc":"01:28:00","flight":"A5393"},{"day":3,"utc":"22:13:00","flight":"A5612"},{"day":4,"utc":"04:25:00","flight":"A5548"},{"day":4,"utc":"21:58:00","flight":"A5813"},{"day":4,"utc":"21:59:00","flight":"A5612"},{"day":5,"utc":"15:37:00","flight":"A5168"},{"day":5,"utc":"22:41:00","flight":"A5953"},{"day":5,"utc":"05:06:00","flight":"A5388"},{"day":5,"utc":"11:50:00","flight":"A5801"},{"day":5,"utc":"23:59:00","flight":"A5722"},{"day":6,"utc":"21:12:00","flight":"A5301"},{"day":6,"utc":"15:11:00","flight":"A5069"},{"day":6,"utc":"08:55:00","flight":"A5677"}]}