{"id":40687,"type":"route","airline":"MH","airlineid":"airline_3378","sourceairport":"LAX","destinationairport":"NRT","stops":0,"equipment":"773","schedule":[{"day":0,"utc":"23:39:00","flight":"MH307"},{"day":0,"utc":"20:47:00","flight":"MH613"},{"day":0,"utc":"17:28:00","flight":"MH464"},{"day":0,"utc":"13:38:00","flight":"MH492"},{"day":1,"utc":"20:39:00","flight":"MH835"},{"day":1,"utc":"05:49:00","flight":"MH626"},{"day":1,"utc":"21:53:00","flight":"MH242"},{"day":2,"utc":"05:00:00","flight":"MH547"},{"day":3,"utc":"12:11:00","flight":"MH894"},{"day":3,"utc":"22:29:00","flight":"MH850"},{"day":3,"utc":"18:20:00","flight":"MH545"},{"day":3,"utc":"08:56:00","flight":"MH033"},{"day":4,"utc":"00:58:00","flight":"MH709"},{"day":4,"utc":"17:00:00","flight":"MH480"},{"day":4,"utc":"17:58:00","flight":"MH067"},{"day":4,"utc":"21:33:00","flight":"MH781"},{"day":4,"utc":"22:29:00","flight":"MH301"},{"day":5,"utc":"03:43:00","flight":"MH506"},{"day":5,"utc":"06:42:00","flight":"MH543"},{"day":6,"utc":"18:41:00","flight":"MH523"},{"day":6,"utc":"19:48:00","flight":"MH308"},{"day":6,"utc":"23:07:00","flight":"MH883"},{"day":6,"utc":"22:15:00","flight":"MH669"},{"day":6,"utc":"12:53:00","flight":"MH083"}]}