{"id":53239,"type":"route","airline":"TO","airlineid":"airline_8745","sourceairport":"LTN","destinationairport":"FAO","stops":0,"equipment":"75W 73H","schedule":[{"day":0,"utc":"01:23:00","flight":"TO463"},{"day":1,"utc":"10:19:00","flight":"TO800"},{"day":1,"utc":"14:40:00","flight":"TO887"},{"day":1,"utc":"19:04:00","flight":"TO242"},{"day":2,"utc":"08:58:00","flight":"TO622"},{"day":2,"utc":"16:45:00","flight":"TO415"},{"day":2,"utc":"15:37:00","flight":"TO242"},{"day":3,"utc":"04:38:00","flight":"TO108"},{"day":3,"utc":"19:07:00","flight":"TO564"},{"day":3,"utc":"06:11:00","flight":"TO067"},{"day":3,"utc":"17:10:00","flight":"TO052"},{"day":3,"utc":"22:40:00","flight":"TO786"},{"day":4,"utc":"02:23:00","flight":"TO434"},{"day":5,"utc":"04:37:00","flight":"TO891"},{"day":6,"utc":"17:45:00","flight":"TO867"}]}