{"id":56173,"type":"route","airline":"UA","airlineid":"airline_5209","sourceairport":"DEN","destinationairport":"PHL","stops":0,"equipment":"320 738 739 319","schedule":[{"day":0,"utc":"19:34:00","flight":"UA918"},{"day":1,"utc":"23:10:00","flight":"UA192"},{"day":1,"utc":"15:47:00","flight":"UA230"},{"day":2,"utc":"11:07:00","flight":"UA095"},{"day":2,"utc":"16:39:00","flight":"UA059"},{"day":3,"utc":"00:21:00","flight":"UA102"},{"day":3,"utc":"16:44:00","flight":"UA833"},{"day":4,"utc":"12:10:00","flight":"UA007"},{"day":4,"utc":"08:22:00","flight":"UA400"},{"day":4,"utc":"04:53:00","flight":"UA493"},{"day":4,"utc":"05:51:00","flight":"UA964"},{"day":4,"utc":"09:06:00","flight":"UA649"},{"day":5,"utc":"06:58:00","flight":"UA156"},{"day":5,"utc":"11:01:00","flight":"UA817"},{"day":5,"utc":"06:38:00","flight":"UA714"},{"day":6,"utc":"01:08:00","flight":"UA644"},{"day":6,"utc":"09:28:00","flight":"UA615"},{"day":6,"utc":"02:02:00","flight":"UA616"}]}