{"id":27692,"type":"route","airline":"FR","airlineid":"airline_4296","sourceairport":"PUY","destinationairport":"STN","stops":0,"equipment":"738","schedule":[{"day":0,"utc":"06:42:00","flight":"FR691"},{"day":0,"utc":"07:41:00","flight":"FR816"},{"day":0,"utc":"04:12:00","flight":"FR970"},{"day":0,"utc":"09:31:00","flight":"FR876"},{"day":0,"utc":"18:57:00","flight":"FR728"},{"day":1,"utc":"05:57:00","flight":"FR833"},{"day":1,"utc":"18:33:00","flight":"FR837"},{"day":2,"utc":"04:54:00","flight":"FR760"},{"day":2,"utc":"12:32:00","flight":"FR902"},{"day":2,"utc":"11:20:00","flight":"FR133"},{"day":3,"utc":"20:23:00","flight":"FR551"},{"day":3,"utc":"02:40:00","flight":"FR865"},{"day":3,"utc":"16:32:00","flight":"FR085"},{"day":3,"utc":"16:36:00","flight":"FR292"},{"day":4,"utc":"06:17:00","flight":"FR577"},{"day":4,"utc":"15:23:00","flight":"FR485"},{"day":5,"utc":"22:06:00","flight":"FR040"},{"day":5,"utc":"15:45:00","flight":"FR915"},{"day":6,"utc":"02:18:00","flight":"FR143"},{"day":6,"utc":"22:53:00","flight":"FR295"},{"day":6,"utc":"20:13:00","flight":"FR586"}]}