{"id":53987,"type":"route","airline":"TS","airlineid":"airline_1317","sourceairport":"YHZ","destinationairport":"MCO","stops":0,"equipment":"738","schedule":[{"day":0,"utc":"16:57:00","flight":"TS763"},{"day":0,"utc":"21:35:00","flight":"TS596"},{"day":1,"utc":"18:36:00","flight":"TS032"},{"day":1,"utc":"17:02:00","flight":"TS915"},{"day":1,"utc":"23:54:00","flight":"TS001"},{"day":2,"utc":"13:02:00","flight":"TS927"},{"day":2,"utc":"11:30:00","flight":"TS217"},{"day":2,"utc":"20:28:00","flight":"TS948"},{"day":2,"utc":"10:05:00","flight":"TS259"},{"day":3,"utc":"17:45:00","flight":"TS207"},{"day":4,"utc":"16:09:00","flight":"TS922"},{"day":4,"utc":"09:37:00","flight":"TS322"},{"day":4,"utc":"21:58:00","flight":"TS725"},{"day":5,"utc":"07:27:00","flight":"TS160"},{"day":5,"utc":"06:27:00","flight":"TS726"},{"day":6,"utc":"23:35:00","flight":"TS244"}]}