{"id":63822,"type":"route","airline":"WN","airlineid":"airline_4547","sourceairport":"GRR","destinationairport":"BWI","stops":0,"equipment":"73W","schedule":[{"day":0,"utc":"18:04:00","flight":"WN503"},{"day":0,"utc":"05:24:00","flight":"WN585"},{"day":1,"utc":"11:16:00","flight":"WN512"},{"day":1,"utc":"09:19:00","flight":"WN683"},{"day":1,"utc":"20:57:00","flight":"WN925"},{"day":2,"utc":"10:57:00","flight":"WN203"},{"day":2,"utc":"13:10:00","flight":"WN771"},{"day":2,"utc":"23:25:00","flight":"WN090"},{"day":2,"utc":"08:25:00","flight":"WN244"},{"day":3,"utc":"14:04:00","flight":"WN231"},{"day":3,"utc":"20:36:00","flight":"WN006"},{"day":3,"utc":"20:36:00","flight":"WN760"},{"day":3,"utc":"12:58:00","flight":"WN863"},{"day":4,"utc":"12:20:00","flight":"WN242"},{"day":5,"utc":"23:37:00","flight":"WN986"},{"day":6,"utc":"12:09:00","flight":"WN857"},{"day":6,"utc":"12:39:00","flight":"WN521"},{"day":6,"utc":"15:44:00","flight":"WN510"}]}