{"id":30336,"type":"route","airline":"GS","airlineid":"airline_690","sourceairport":"LYA","destinationairport":"BHY","stops":0,"equipment":"E90","schedule":[{"day":0,"utc":"08:02:00","flight":"GS140"},{"day":0,"utc":"18:12:00","flight":"GS486"},{"day":0,"utc":"14:47:00","flight":"GS163"},{"day":1,"utc":"22:38:00","flight":"GS699"},{"day":1,"utc":"15:27:00","flight":"GS392"},{"day":1,"utc":"21:11:00","flight":"GS297"},{"day":1,"utc":"06:03:00","flight":"GS715"},{"day":1,"utc":"08:30:00","flight":"GS386"},{"day":2,"utc":"03:00:00","flight":"GS851"},{"day":2,"utc":"22:43:00","flight":"GS775"},{"day":3,"utc":"02:30:00","flight":"GS650"},{"day":4,"utc":"16:26:00","flight":"GS284"},{"day":4,"utc":"07:58:00","flight":"GS629"},{"day":4,"utc":"12:48:00","flight":"GS869"},{"day":4,"utc":"04:33:00","flight":"GS726"},{"day":5,"utc":"18:08:00","flight":"GS565"},{"day":6,"utc":"17:47:00","flight":"GS140"},{"day":6,"utc":"08:35:00","flight":"GS924"},{"day":6,"utc":"07:00:00","flight":"GS128"}]}