{"id":57448,"type":"route","airline":"UA","airlineid":"airline_5209","sourceairport":"PEK","destinationairport":"ORD","stops":0,"equipment":"777","schedule":[{"day":0,"utc":"09:55:00","flight":"UA627"},{"day":0,"utc":"17:21:00","flight":"UA446"},{"day":0,"utc":"01:57:00","flight":"UA829"},{"day":1,"utc":"16:24:00","flight":"UA290"},{"day":1,"utc":"07:57:00","flight":"UA473"},{"day":1,"utc":"10:50:00","flight":"UA463"},{"day":1,"utc":"01:51:00","flight":"UA640"},{"day":2,"utc":"23:46:00","flight":"UA311"},{"day":2,"utc":"10:29:00","flight":"UA354"},{"day":2,"utc":"06:01:00","flight":"UA252"},{"day":2,"utc":"09:34:00","flight":"UA945"},{"day":3,"utc":"22:05:00","flight":"UA828"},{"day":3,"utc":"03:51:00","flight":"UA077"},{"day":4,"utc":"17:58:00","flight":"UA945"},{"day":4,"utc":"22:49:00","flight":"UA851"},{"day":5,"utc":"14:34:00","flight":"UA282"},{"day":5,"utc":"01:36:00","flight":"UA195"},{"day":5,"utc":"05:11:00","flight":"UA424"},{"day":5,"utc":"01:45:00","flight":"UA497"},{"day":5,"utc":"19:28:00","flight":"UA908"},{"day":6,"utc":"00:23:00","flight":"UA666"},{"day":6,"utc":"22:41:00","flight":"UA811"},{"day":6,"utc":"16:44:00","flight":"UA491"},{"day":6,"utc":"13:56:00","flight":"UA806"}]}