{"id":26632,"type":"route","airline":"FR","airlineid":"airline_4296","sourceairport":"DUB","destinationairport":"RDZ","stops":0,"equipment":"738","schedule":[{"day":0,"utc":"04:15:00","flight":"FR201"},{"day":0,"utc":"10:43:00","flight":"FR578"},{"day":0,"utc":"01:56:00","flight":"FR198"},{"day":0,"utc":"20:55:00","flight":"FR783"},{"day":1,"utc":"22:58:00","flight":"FR160"},{"day":1,"utc":"05:26:00","flight":"FR885"},{"day":1,"utc":"19:35:00","flight":"FR678"},{"day":1,"utc":"02:31:00","flight":"FR295"},{"day":2,"utc":"05:20:00","flight":"FR088"},{"day":2,"utc":"16:47:00","flight":"FR514"},{"day":2,"utc":"15:17:00","flight":"FR972"},{"day":3,"utc":"20:14:00","flight":"FR456"},{"day":3,"utc":"16:41:00","flight":"FR241"},{"day":3,"utc":"09:42:00","flight":"FR269"},{"day":4,"utc":"00:34:00","flight":"FR318"},{"day":4,"utc":"11:39:00","flight":"FR458"},{"day":4,"utc":"22:16:00","flight":"FR668"},{"day":4,"utc":"15:44:00","flight":"FR430"},{"day":4,"utc":"11:32:00","flight":"FR090"},{"day":5,"utc":"22:26:00","flight":"FR461"},{"day":5,"utc":"17:34:00","flight":"FR531"},{"day":5,"utc":"17:07:00","flight":"FR654"},{"day":6,"utc":"17:39:00","flight":"FR507"},{"day":6,"utc":"03:50:00","flight":"FR987"}]}