{"id":7968,"type":"route","airline":"AC","airlineid":"airline_330","sourceairport":"LHR","destinationairport":"YYZ","stops":0,"equipment":"77L 763 77W 333","schedule":[{"day":0,"utc":"00:42:00","flight":"AC875"},{"day":1,"utc":"19:33:00","flight":"AC658"},{"day":2,"utc":"12:46:00","flight":"AC275"},{"day":3,"utc":"16:58:00","flight":"AC351"},{"day":3,"utc":"18:14:00","flight":"AC215"},{"day":4,"utc":"14:42:00","flight":"AC656"},{"day":4,"utc":"15:37:00","flight":"AC192"},{"day":4,"utc":"03:00:00","flight":"AC319"},{"day":4,"utc":"03:15:00","flight":"AC486"},{"day":5,"utc":"14:28:00","flight":"AC827"},{"day":5,"utc":"10:17:00","flight":"AC797"},{"day":5,"utc":"08:42:00","flight":"AC762"},{"day":6,"utc":"16:32:00","flight":"AC186"},{"day":6,"utc":"14:20:00","flight":"AC060"}]}