{"id":56473,"type":"route","airline":"UA","airlineid":"airline_5209","sourceairport":"FRA","destinationairport":"GYD","stops":0,"equipment":"333","schedule":[{"day":0,"utc":"05:56:00","flight":"UA671"},{"day":0,"utc":"20:40:00","flight":"UA524"},{"day":0,"utc":"08:04:00","flight":"UA884"},{"day":1,"utc":"07:37:00","flight":"UA112"},{"day":2,"utc":"23:53:00","flight":"UA025"},{"day":2,"utc":"09:25:00","flight":"UA042"},{"day":3,"utc":"22:59:00","flight":"UA808"},{"day":4,"utc":"21:55:00","flight":"UA703"},{"day":4,"utc":"20:13:00","flight":"UA286"},{"day":4,"utc":"22:55:00","flight":"UA284"},{"day":4,"utc":"16:06:00","flight":"UA180"},{"day":4,"utc":"23:59:00","flight":"UA181"},{"day":5,"utc":"06:39:00","flight":"UA129"},{"day":5,"utc":"08:05:00","flight":"UA621"},{"day":5,"utc":"16:26:00","flight":"UA510"},{"day":5,"utc":"11:46:00","flight":"UA474"},{"day":6,"utc":"23:51:00","flight":"UA495"},{"day":6,"utc":"13:11:00","flight":"UA240"},{"day":6,"utc":"08:09:00","flight":"UA099"}]}