{"id":42607,"type":"route","airline":"MW","airlineid":"airline_3437","sourceairport":"KOA","destinationairport":"JHM","stops":0,"equipment":"CNA","schedule":[{"day":0,"utc":"07:32:00","flight":"MW863"},{"day":0,"utc":"12:46:00","flight":"MW236"},{"day":0,"utc":"10:42:00","flight":"MW078"},{"day":1,"utc":"16:10:00","flight":"MW745"},{"day":1,"utc":"17:52:00","flight":"MW951"},{"day":2,"utc":"10:24:00","flight":"MW900"},{"day":3,"utc":"12:21:00","flight":"MW219"},{"day":3,"utc":"09:06:00","flight":"MW238"},{"day":4,"utc":"03:42:00","flight":"MW140"},{"day":4,"utc":"21:36:00","flight":"MW203"},{"day":4,"utc":"09:08:00","flight":"MW825"},{"day":5,"utc":"01:19:00","flight":"MW648"},{"day":6,"utc":"13:33:00","flight":"MW021"},{"day":6,"utc":"07:38:00","flight":"MW217"},{"day":6,"utc":"17:53:00","flight":"MW567"}]}