{"id":54615,"type":"route","airline":"U2","airlineid":"airline_2297","sourceairport":"BSL","destinationairport":"SXF","stops":0,"equipment":"320 319","schedule":[{"day":0,"utc":"20:46:00","flight":"U2655"},{"day":0,"utc":"21:30:00","flight":"U2055"},{"day":0,"utc":"04:17:00","flight":"U2209"},{"day":0,"utc":"00:34:00","flight":"U2875"},{"day":1,"utc":"19:47:00","flight":"U2297"},{"day":1,"utc":"08:18:00","flight":"U2075"},{"day":1,"utc":"03:45:00","flight":"U2079"},{"day":1,"utc":"20:42:00","flight":"U2004"},{"day":1,"utc":"10:07:00","flight":"U2280"},{"day":2,"utc":"13:34:00","flight":"U2604"},{"day":2,"utc":"23:56:00","flight":"U2475"},{"day":3,"utc":"05:40:00","flight":"U2838"},{"day":3,"utc":"21:22:00","flight":"U2337"},{"day":3,"utc":"17:59:00","flight":"U2974"},{"day":4,"utc":"22:18:00","flight":"U2078"},{"day":4,"utc":"15:43:00","flight":"U2315"},{"day":5,"utc":"22:56:00","flight":"U2241"},{"day":5,"utc":"06:08:00","flight":"U2719"},{"day":5,"utc":"11:12:00","flight":"U2299"},{"day":5,"utc":"06:36:00","flight":"U2882"},{"day":6,"utc":"08:18:00","flight":"U2830"},{"day":6,"utc":"13:24:00","flight":"U2914"},{"day":6,"utc":"03:05:00","flight":"U2180"}]}