{"id":56795,"type":"route","airline":"UA","airlineid":"airline_5209","sourceairport":"IAH","destinationairport":"MKE","stops":0,"equipment":"ERJ CRJ","schedule":[{"day":0,"utc":"14:58:00","flight":"UA545"},{"day":0,"utc":"20:22:00","flight":"UA922"},{"day":0,"utc":"16:48:00","flight":"UA248"},{"day":0,"utc":"16:07:00","flight":"UA193"},{"day":0,"utc":"16:48:00","flight":"UA814"},{"day":1,"utc":"05:36:00","flight":"UA007"},{"day":1,"utc":"06:11:00","flight":"UA842"},{"day":2,"utc":"20:20:00","flight":"UA316"},{"day":2,"utc":"07:15:00","flight":"UA286"},{"day":2,"utc":"14:23:00","flight":"UA643"},{"day":3,"utc":"17:46:00","flight":"UA371"},{"day":3,"utc":"04:35:00","flight":"UA109"},{"day":4,"utc":"01:00:00","flight":"UA060"},{"day":4,"utc":"18:22:00","flight":"UA073"},{"day":4,"utc":"15:01:00","flight":"UA779"},{"day":4,"utc":"11:38:00","flight":"UA973"},{"day":4,"utc":"16:23:00","flight":"UA088"},{"day":5,"utc":"12:56:00","flight":"UA670"},{"day":5,"utc":"22:26:00","flight":"UA297"},{"day":5,"utc":"22:10:00","flight":"UA201"},{"day":5,"utc":"21:52:00","flight":"UA707"},{"day":6,"utc":"12:31:00","flight":"UA795"},{"day":6,"utc":"06:00:00","flight":"UA658"},{"day":6,"utc":"12:58:00","flight":"UA208"},{"day":6,"utc":"14:42:00","flight":"UA933"},{"day":6,"utc":"19:19:00","flight":"UA808"}]}