{"id":32763,"type":"route","airline":"IB","airlineid":"airline_2822","sourceairport":"MAN","destinationairport":"ORD","stops":0,"equipment":"763","schedule":[{"day":0,"utc":"21:47:00","flight":"IB552"},{"day":0,"utc":"10:55:00","flight":"IB968"},{"day":1,"utc":"12:38:00","flight":"IB830"},{"day":1,"utc":"01:51:00","flight":"IB070"},{"day":1,"utc":"23:19:00","flight":"IB116"},{"day":1,"utc":"11:18:00","flight":"IB707"},{"day":2,"utc":"06:36:00","flight":"IB600"},{"day":2,"utc":"18:24:00","flight":"IB000"},{"day":2,"utc":"15:24:00","flight":"IB883"},{"day":2,"utc":"03:59:00","flight":"IB467"},{"day":3,"utc":"17:08:00","flight":"IB251"},{"day":3,"utc":"05:30:00","flight":"IB806"},{"day":3,"utc":"01:34:00","flight":"IB876"},{"day":4,"utc":"20:47:00","flight":"IB655"},{"day":4,"utc":"01:11:00","flight":"IB521"},{"day":4,"utc":"02:04:00","flight":"IB894"},{"day":4,"utc":"03:07:00","flight":"IB126"},{"day":4,"utc":"02:34:00","flight":"IB388"},{"day":5,"utc":"08:09:00","flight":"IB126"},{"day":5,"utc":"22:36:00","flight":"IB236"},{"day":6,"utc":"20:46:00","flight":"IB536"},{"day":6,"utc":"00:21:00","flight":"IB137"},{"day":6,"utc":"00:45:00","flight":"IB207"},{"day":6,"utc":"20:02:00","flight":"IB333"},{"day":6,"utc":"12:52:00","flight":"IB090"}]}