{"id":55447,"type":"route","airline":"U2","airlineid":"airline_2297","sourceairport":"SXF","destinationairport":"ORY","stops":0,"equipment":"320","schedule":[{"day":0,"utc":"00:11:00","flight":"U2002"},{"day":1,"utc":"08:13:00","flight":"U2579"},{"day":1,"utc":"15:09:00","flight":"U2146"},{"day":1,"utc":"10:11:00","flight":"U2479"},{"day":2,"utc":"10:26:00","flight":"U2101"},{"day":2,"utc":"09:13:00","flight":"U2944"},{"day":3,"utc":"10:32:00","flight":"U2339"},{"day":3,"utc":"17:01:00","flight":"U2636"},{"day":3,"utc":"22:14:00","flight":"U2457"},{"day":3,"utc":"18:16:00","flight":"U2648"},{"day":4,"utc":"06:40:00","flight":"U2121"},{"day":4,"utc":"16:44:00","flight":"U2985"},{"day":5,"utc":"00:48:00","flight":"U2990"},{"day":6,"utc":"00:57:00","flight":"U2674"},{"day":6,"utc":"07:50:00","flight":"U2376"}]}