{"id":53608,"type":"route","airline":"TOM","airlineid":"airline_5013","sourceairport":"TFS","destinationairport":"MAN","stops":0,"equipment":"75W 73H","schedule":[{"day":0,"utc":"05:34:00","flight":"TOM105"},{"day":0,"utc":"23:16:00","flight":"TOM007"},{"day":0,"utc":"22:18:00","flight":"TOM028"},{"day":0,"utc":"22:39:00","flight":"TOM469"},{"day":0,"utc":"01:32:00","flight":"TOM623"},{"day":1,"utc":"19:37:00","flight":"TOM569"},{"day":2,"utc":"21:24:00","flight":"TOM095"},{"day":3,"utc":"13:24:00","flight":"TOM458"},{"day":3,"utc":"18:29:00","flight":"TOM326"},{"day":3,"utc":"16:51:00","flight":"TOM917"},{"day":3,"utc":"14:47:00","flight":"TOM870"},{"day":4,"utc":"14:45:00","flight":"TOM547"},{"day":4,"utc":"15:13:00","flight":"TOM163"},{"day":4,"utc":"23:15:00","flight":"TOM472"},{"day":5,"utc":"01:49:00","flight":"TOM196"},{"day":5,"utc":"00:38:00","flight":"TOM033"},{"day":5,"utc":"02:24:00","flight":"TOM996"},{"day":6,"utc":"01:45:00","flight":"TOM442"},{"day":6,"utc":"09:22:00","flight":"TOM956"},{"day":6,"utc":"07:30:00","flight":"TOM980"}]}