{"id":53372,"type":"route","airline":"TO","airlineid":"airline_8745","sourceairport":"ORY","destinationairport":"TUN","stops":0,"equipment":"73H","schedule":[{"day":0,"utc":"00:19:00","flight":"TO432"},{"day":0,"utc":"10:18:00","flight":"TO540"},{"day":0,"utc":"20:32:00","flight":"TO871"},{"day":0,"utc":"18:35:00","flight":"TO860"},{"day":0,"utc":"10:36:00","flight":"TO941"},{"day":1,"utc":"16:10:00","flight":"TO058"},{"day":1,"utc":"12:04:00","flight":"TO613"},{"day":2,"utc":"22:49:00","flight":"TO791"},{"day":2,"utc":"02:05:00","flight":"TO124"},{"day":3,"utc":"19:13:00","flight":"TO817"},{"day":3,"utc":"03:03:00","flight":"TO118"},{"day":4,"utc":"03:57:00","flight":"TO837"},{"day":4,"utc":"03:00:00","flight":"TO201"},{"day":4,"utc":"14:26:00","flight":"TO521"},{"day":5,"utc":"20:05:00","flight":"TO074"},{"day":5,"utc":"12:08:00","flight":"TO926"},{"day":5,"utc":"12:52:00","flight":"TO604"},{"day":5,"utc":"18:25:00","flight":"TO446"},{"day":5,"utc":"01:56:00","flight":"TO858"},{"day":6,"utc":"11:52:00","flight":"TO626"},{"day":6,"utc":"18:57:00","flight":"TO585"},{"day":6,"utc":"03:02:00","flight":"TO212"}]}