{"id":15208,"type":"route","airline":"BE","airlineid":"airline_2421","sourceairport":"KOI","destinationairport":"INV","stops":0,"equipment":"SF3","schedule":[{"day":0,"utc":"17:09:00","flight":"BE528"},{"day":0,"utc":"11:41:00","flight":"BE192"},{"day":0,"utc":"21:25:00","flight":"BE990"},{"day":0,"utc":"14:15:00","flight":"BE145"},{"day":0,"utc":"20:29:00","flight":"BE301"},{"day":1,"utc":"04:18:00","flight":"BE469"},{"day":1,"utc":"18:28:00","flight":"BE285"},{"day":2,"utc":"14:46:00","flight":"BE121"},{"day":3,"utc":"03:35:00","flight":"BE781"},{"day":4,"utc":"13:19:00","flight":"BE545"},{"day":4,"utc":"12:27:00","flight":"BE148"},{"day":4,"utc":"00:42:00","flight":"BE856"},{"day":5,"utc":"09:33:00","flight":"BE582"},{"day":6,"utc":"04:13:00","flight":"BE479"},{"day":6,"utc":"13:12:00","flight":"BE391"}]}