{"id":54316,"type":"route","airline":"TX","airlineid":"airline_567","sourceairport":"ORY","destinationairport":"SXM","stops":0,"equipment":"332","schedule":[{"day":0,"utc":"21:45:00","flight":"TX028"},{"day":0,"utc":"07:29:00","flight":"TX070"},{"day":0,"utc":"09:26:00","flight":"TX916"},{"day":0,"utc":"03:18:00","flight":"TX688"},{"day":0,"utc":"14:44:00","flight":"TX729"},{"day":1,"utc":"04:03:00","flight":"TX389"},{"day":1,"utc":"02:14:00","flight":"TX256"},{"day":2,"utc":"03:13:00","flight":"TX564"},{"day":2,"utc":"17:39:00","flight":"TX984"},{"day":2,"utc":"05:57:00","flight":"TX513"},{"day":2,"utc":"01:07:00","flight":"TX872"},{"day":3,"utc":"17:09:00","flight":"TX872"},{"day":3,"utc":"22:11:00","flight":"TX164"},{"day":3,"utc":"05:59:00","flight":"TX535"},{"day":4,"utc":"14:31:00","flight":"TX159"},{"day":4,"utc":"23:45:00","flight":"TX848"},{"day":5,"utc":"19:50:00","flight":"TX384"},{"day":5,"utc":"08:47:00","flight":"TX916"},{"day":5,"utc":"01:09:00","flight":"TX526"},{"day":5,"utc":"19:06:00","flight":"TX304"},{"day":5,"utc":"14:26:00","flight":"TX593"},{"day":6,"utc":"20:19:00","flight":"TX389"},{"day":6,"utc":"10:03:00","flight":"TX755"},{"day":6,"utc":"07:32:00","flight":"TX870"}]}