{"id":6077,"type":"route","airline":"AA","airlineid":"airline_24","sourceairport":"MIA","destinationairport":"MXP","stops":0,"equipment":"763","schedule":[{"day":0,"utc":"11:29:00","flight":"AA478"},{"day":0,"utc":"23:01:00","flight":"AA044"},{"day":0,"utc":"23:17:00","flight":"AA559"},{"day":0,"utc":"18:17:00","flight":"AA601"},{"day":0,"utc":"16:28:00","flight":"AA428"},{"day":1,"utc":"00:26:00","flight":"AA866"},{"day":1,"utc":"04:20:00","flight":"AA153"},{"day":1,"utc":"19:41:00","flight":"AA742"},{"day":1,"utc":"04:58:00","flight":"AA664"},{"day":2,"utc":"11:10:00","flight":"AA294"},{"day":2,"utc":"14:52:00","flight":"AA831"},{"day":2,"utc":"17:22:00","flight":"AA716"},{"day":2,"utc":"18:38:00","flight":"AA968"},{"day":2,"utc":"04:19:00","flight":"AA741"},{"day":3,"utc":"03:02:00","flight":"AA300"},{"day":3,"utc":"14:50:00","flight":"AA557"},{"day":3,"utc":"22:22:00","flight":"AA980"},{"day":3,"utc":"05:41:00","flight":"AA764"},{"day":3,"utc":"23:22:00","flight":"AA540"},{"day":4,"utc":"08:28:00","flight":"AA897"},{"day":5,"utc":"22:39:00","flight":"AA032"},{"day":5,"utc":"19:31:00","flight":"AA281"},{"day":5,"utc":"22:07:00","flight":"AA542"},{"day":6,"utc":"09:11:00","flight":"AA002"},{"day":6,"utc":"01:26:00","flight":"AA494"},{"day":6,"utc":"19:23:00","flight":"AA449"},{"day":6,"utc":"08:19:00","flight":"AA259"}]}