{"id":21827,"type":"route","airline":"DL","airlineid":"airline_2009","sourceairport":"SLC","destinationairport":"MCI","stops":0,"equipment":"319","schedule":[{"day":0,"utc":"17:28:00","flight":"DL716"},{"day":0,"utc":"21:46:00","flight":"DL115"},{"day":0,"utc":"21:08:00","flight":"DL917"},{"day":1,"utc":"16:04:00","flight":"DL865"},{"day":2,"utc":"05:06:00","flight":"DL848"},{"day":2,"utc":"10:02:00","flight":"DL626"},{"day":2,"utc":"03:10:00","flight":"DL046"},{"day":2,"utc":"17:02:00","flight":"DL525"},{"day":2,"utc":"13:48:00","flight":"DL387"},{"day":3,"utc":"06:03:00","flight":"DL277"},{"day":3,"utc":"09:07:00","flight":"DL152"},{"day":4,"utc":"17:27:00","flight":"DL061"},{"day":4,"utc":"17:36:00","flight":"DL191"},{"day":4,"utc":"11:53:00","flight":"DL238"},{"day":4,"utc":"07:40:00","flight":"DL393"},{"day":4,"utc":"08:26:00","flight":"DL027"},{"day":5,"utc":"09:00:00","flight":"DL725"},{"day":5,"utc":"05:11:00","flight":"DL775"},{"day":5,"utc":"03:56:00","flight":"DL488"},{"day":6,"utc":"17:06:00","flight":"DL385"},{"day":6,"utc":"02:49:00","flight":"DL215"},{"day":6,"utc":"11:54:00","flight":"DL138"},{"day":6,"utc":"12:26:00","flight":"DL205"}]}