{"id":450,"type":"route","airline":"3M","airlineid":"airline_N","sourceairport":"BIM","destinationairport":"FLL","stops":0,"equipment":"SF3","schedule":[{"day":0,"utc":"01:10:00","flight":"3M007"},{"day":1,"utc":"12:58:00","flight":"3M750"},{"day":2,"utc":"05:17:00","flight":"3M779"},{"day":2,"utc":"12:18:00","flight":"3M390"},{"day":2,"utc":"20:57:00","flight":"3M619"},{"day":3,"utc":"11:05:00","flight":"3M368"},{"day":3,"utc":"17:00:00","flight":"3M185"},{"day":4,"utc":"08:53:00","flight":"3M869"},{"day":4,"utc":"10:07:00","flight":"3M333"},{"day":4,"utc":"21:40:00","flight":"3M715"},{"day":4,"utc":"15:30:00","flight":"3M058"},{"day":5,"utc":"21:11:00","flight":"3M996"},{"day":5,"utc":"09:15:00","flight":"3M165"},{"day":5,"utc":"21:30:00","flight":"3M006"},{"day":5,"utc":"14:58:00","flight":"3M769"},{"day":6,"utc":"16:32:00","flight":"3M647"}]}