{"id":9905,"type":"route","airline":"AF","airlineid":"airline_137","sourceairport":"PVR","destinationairport":"ATL","stops":0,"equipment":"757","schedule":[{"day":0,"utc":"22:21:00","flight":"AF194"},{"day":0,"utc":"01:00:00","flight":"AF059"},{"day":0,"utc":"13:01:00","flight":"AF020"},{"day":0,"utc":"16:25:00","flight":"AF465"},{"day":0,"utc":"18:48:00","flight":"AF376"},{"day":1,"utc":"16:04:00","flight":"AF200"},{"day":1,"utc":"14:44:00","flight":"AF386"},{"day":1,"utc":"03:11:00","flight":"AF567"},{"day":1,"utc":"10:47:00","flight":"AF662"},{"day":1,"utc":"02:28:00","flight":"AF148"},{"day":2,"utc":"09:33:00","flight":"AF173"},{"day":2,"utc":"16:50:00","flight":"AF552"},{"day":2,"utc":"16:50:00","flight":"AF468"},{"day":2,"utc":"02:38:00","flight":"AF016"},{"day":2,"utc":"16:54:00","flight":"AF997"},{"day":3,"utc":"04:27:00","flight":"AF653"},{"day":3,"utc":"02:59:00","flight":"AF422"},{"day":4,"utc":"16:14:00","flight":"AF101"},{"day":5,"utc":"15:12:00","flight":"AF563"},{"day":5,"utc":"14:00:00","flight":"AF819"},{"day":5,"utc":"00:24:00","flight":"AF613"},{"day":5,"utc":"11:29:00","flight":"AF868"},{"day":6,"utc":"22:32:00","flight":"AF909"}]}