{"id":45749,"type":"route","airline":"PK","airlineid":"airline_3871","sourceairport":"BHX","destinationairport":"ISB","stops":0,"equipment":"777","schedule":[{"day":0,"utc":"11:29:00","flight":"PK804"},{"day":0,"utc":"09:27:00","flight":"PK910"},{"day":1,"utc":"18:51:00","flight":"PK019"},{"day":2,"utc":"04:13:00","flight":"PK666"},{"day":2,"utc":"04:12:00","flight":"PK521"},{"day":2,"utc":"16:47:00","flight":"PK687"},{"day":2,"utc":"05:15:00","flight":"PK375"},{"day":2,"utc":"18:49:00","flight":"PK549"},{"day":3,"utc":"03:29:00","flight":"PK232"},{"day":3,"utc":"14:03:00","flight":"PK927"},{"day":3,"utc":"00:35:00","flight":"PK426"},{"day":4,"utc":"06:40:00","flight":"PK931"},{"day":5,"utc":"09:53:00","flight":"PK154"},{"day":6,"utc":"19:45:00","flight":"PK694"},{"day":6,"utc":"18:58:00","flight":"PK022"},{"day":6,"utc":"18:55:00","flight":"PK428"},{"day":6,"utc":"06:50:00","flight":"PK842"}]}