{"id":53121,"type":"route","airline":"TO","airlineid":"airline_8745","sourceairport":"FAO","destinationairport":"NCL","stops":0,"equipment":"73H","schedule":[{"day":0,"utc":"03:22:00","flight":"TO006"},{"day":1,"utc":"10:02:00","flight":"TO266"},{"day":1,"utc":"16:16:00","flight":"TO955"},{"day":2,"utc":"21:25:00","flight":"TO171"},{"day":2,"utc":"22:40:00","flight":"TO557"},{"day":3,"utc":"13:34:00","flight":"TO627"},{"day":3,"utc":"21:43:00","flight":"TO983"},{"day":3,"utc":"17:18:00","flight":"TO384"},{"day":4,"utc":"16:30:00","flight":"TO020"},{"day":4,"utc":"01:29:00","flight":"TO700"},{"day":4,"utc":"15:52:00","flight":"TO173"},{"day":4,"utc":"13:52:00","flight":"TO371"},{"day":5,"utc":"11:14:00","flight":"TO094"},{"day":5,"utc":"14:13:00","flight":"TO235"},{"day":6,"utc":"19:29:00","flight":"TO655"},{"day":6,"utc":"15:05:00","flight":"TO320"},{"day":6,"utc":"07:05:00","flight":"TO668"},{"day":6,"utc":"06:24:00","flight":"TO632"}]}