{"id":5621,"type":"route","airline":"AA","airlineid":"airline_24","sourceairport":"JFK","destinationairport":"LAS","stops":0,"equipment":"738","schedule":[{"day":0,"utc":"17:26:00","flight":"AA984"},{"day":0,"utc":"01:13:00","flight":"AA317"},{"day":0,"utc":"07:22:00","flight":"AA666"},{"day":0,"utc":"23:00:00","flight":"AA811"},{"day":0,"utc":"23:25:00","flight":"AA170"},{"day":1,"utc":"12:04:00","flight":"AA591"},{"day":1,"utc":"21:51:00","flight":"AA637"},{"day":1,"utc":"02:22:00","flight":"AA389"},{"day":1,"utc":"07:32:00","flight":"AA562"},{"day":1,"utc":"01:40:00","flight":"AA458"},{"day":2,"utc":"22:32:00","flight":"AA796"},{"day":2,"utc":"06:33:00","flight":"AA309"},{"day":3,"utc":"08:08:00","flight":"AA357"},{"day":3,"utc":"21:14:00","flight":"AA348"},{"day":3,"utc":"06:17:00","flight":"AA086"},{"day":3,"utc":"17:00:00","flight":"AA984"},{"day":4,"utc":"10:49:00","flight":"AA227"},{"day":4,"utc":"15:45:00","flight":"AA710"},{"day":5,"utc":"22:54:00","flight":"AA752"},{"day":5,"utc":"14:39:00","flight":"AA114"},{"day":5,"utc":"17:28:00","flight":"AA683"},{"day":5,"utc":"03:26:00","flight":"AA309"},{"day":6,"utc":"09:59:00","flight":"AA583"},{"day":6,"utc":"17:47:00","flight":"AA087"}]}