{"id":59135,"type":"route","airline":"US","airlineid":"airline_5265","sourceairport":"DFW","destinationairport":"PBI","stops":0,"equipment":"738","schedule":[{"day":0,"utc":"12:39:00","flight":"US542"},{"day":0,"utc":"20:10:00","flight":"US700"},{"day":0,"utc":"13:48:00","flight":"US028"},{"day":0,"utc":"00:40:00","flight":"US850"},{"day":1,"utc":"03:46:00","flight":"US960"},{"day":1,"utc":"08:48:00","flight":"US939"},{"day":1,"utc":"13:40:00","flight":"US836"},{"day":2,"utc":"23:56:00","flight":"US747"},{"day":2,"utc":"22:36:00","flight":"US266"},{"day":3,"utc":"23:17:00","flight":"US956"},{"day":4,"utc":"07:43:00","flight":"US141"},{"day":4,"utc":"04:19:00","flight":"US957"},{"day":4,"utc":"08:15:00","flight":"US954"},{"day":4,"utc":"07:00:00","flight":"US151"},{"day":4,"utc":"14:51:00","flight":"US859"},{"day":5,"utc":"12:30:00","flight":"US019"},{"day":5,"utc":"23:36:00","flight":"US002"},{"day":6,"utc":"23:05:00","flight":"US389"},{"day":6,"utc":"17:33:00","flight":"US255"}]}