{"id":55229,"type":"route","airline":"U2","airlineid":"airline_2297","sourceairport":"NAP","destinationairport":"STN","stops":0,"equipment":"319 320","schedule":[{"day":0,"utc":"14:41:00","flight":"U2655"},{"day":0,"utc":"03:04:00","flight":"U2246"},{"day":1,"utc":"23:16:00","flight":"U2009"},{"day":1,"utc":"09:27:00","flight":"U2570"},{"day":1,"utc":"08:10:00","flight":"U2635"},{"day":1,"utc":"22:19:00","flight":"U2863"},{"day":2,"utc":"10:20:00","flight":"U2522"},{"day":3,"utc":"21:47:00","flight":"U2412"},{"day":3,"utc":"04:12:00","flight":"U2158"},{"day":3,"utc":"22:13:00","flight":"U2489"},{"day":4,"utc":"01:48:00","flight":"U2470"},{"day":4,"utc":"22:09:00","flight":"U2744"},{"day":4,"utc":"22:57:00","flight":"U2493"},{"day":4,"utc":"06:35:00","flight":"U2689"},{"day":4,"utc":"18:40:00","flight":"U2474"},{"day":5,"utc":"16:12:00","flight":"U2813"},{"day":6,"utc":"19:35:00","flight":"U2179"}]}