{"id":7870,"type":"route","airline":"AC","airlineid":"airline_330","sourceairport":"DEN","destinationairport":"MSY","stops":0,"equipment":"738 739","schedule":[{"day":0,"utc":"13:54:00","flight":"AC121"},{"day":0,"utc":"17:30:00","flight":"AC922"},{"day":0,"utc":"09:34:00","flight":"AC712"},{"day":1,"utc":"04:08:00","flight":"AC316"},{"day":2,"utc":"08:47:00","flight":"AC157"},{"day":3,"utc":"12:49:00","flight":"AC396"},{"day":4,"utc":"10:54:00","flight":"AC503"},{"day":4,"utc":"20:51:00","flight":"AC038"},{"day":5,"utc":"19:17:00","flight":"AC246"},{"day":5,"utc":"18:22:00","flight":"AC041"},{"day":5,"utc":"19:04:00","flight":"AC013"},{"day":5,"utc":"01:02:00","flight":"AC148"},{"day":6,"utc":"06:31:00","flight":"AC921"}]}