{"id":29139,"type":"route","airline":"G4","airlineid":"airline_35","sourceairport":"PSP","destinationairport":"BLI","stops":0,"equipment":"M80","schedule":[{"day":0,"utc":"12:47:00","flight":"G4435"},{"day":1,"utc":"00:08:00","flight":"G4863"},{"day":1,"utc":"17:17:00","flight":"G4341"},{"day":2,"utc":"20:13:00","flight":"G4493"},{"day":2,"utc":"20:37:00","flight":"G4352"},{"day":2,"utc":"04:25:00","flight":"G4803"},{"day":2,"utc":"13:46:00","flight":"G4780"},{"day":3,"utc":"08:44:00","flight":"G4215"},{"day":3,"utc":"19:20:00","flight":"G4802"},{"day":3,"utc":"05:23:00","flight":"G4373"},{"day":3,"utc":"23:47:00","flight":"G4376"},{"day":4,"utc":"17:24:00","flight":"G4925"},{"day":4,"utc":"08:03:00","flight":"G4767"},{"day":4,"utc":"17:13:00","flight":"G4167"},{"day":5,"utc":"19:41:00","flight":"G4247"},{"day":5,"utc":"14:08:00","flight":"G4860"},{"day":5,"utc":"20:53:00","flight":"G4299"},{"day":6,"utc":"07:12:00","flight":"G4900"},{"day":6,"utc":"19:17:00","flight":"G4161"},{"day":6,"utc":"08:34:00","flight":"G4135"}]}