{"id":61133,"type":"route","airline":"VA","airlineid":"airline_5360","sourceairport":"MUC","destinationairport":"MAN","stops":0,"equipment":"77W","schedule":[{"day":0,"utc":"17:14:00","flight":"VA572"},{"day":0,"utc":"13:43:00","flight":"VA848"},{"day":0,"utc":"21:31:00","flight":"VA577"},{"day":0,"utc":"23:55:00","flight":"VA926"},{"day":1,"utc":"02:37:00","flight":"VA287"},{"day":2,"utc":"20:38:00","flight":"VA220"},{"day":2,"utc":"05:56:00","flight":"VA740"},{"day":2,"utc":"21:26:00","flight":"VA840"},{"day":2,"utc":"01:41:00","flight":"VA160"},{"day":2,"utc":"12:33:00","flight":"VA311"},{"day":3,"utc":"05:49:00","flight":"VA932"},{"day":3,"utc":"13:44:00","flight":"VA392"},{"day":3,"utc":"08:57:00","flight":"VA353"},{"day":3,"utc":"10:33:00","flight":"VA357"},{"day":3,"utc":"19:57:00","flight":"VA271"},{"day":4,"utc":"16:38:00","flight":"VA365"},{"day":4,"utc":"06:09:00","flight":"VA238"},{"day":4,"utc":"23:22:00","flight":"VA418"},{"day":4,"utc":"14:45:00","flight":"VA460"},{"day":4,"utc":"03:25:00","flight":"VA374"},{"day":5,"utc":"08:11:00","flight":"VA566"},{"day":5,"utc":"22:50:00","flight":"VA276"},{"day":5,"utc":"05:53:00","flight":"VA876"},{"day":5,"utc":"06:36:00","flight":"VA602"},{"day":6,"utc":"10:17:00","flight":"VA720"},{"day":6,"utc":"06:47:00","flight":"VA262"},{"day":6,"utc":"10:39:00","flight":"VA997"}]}