{"id":30391,"type":"route","airline":"GS","airlineid":"airline_690","sourceairport":"SYX","destinationairport":"CGO","stops":0,"equipment":"321","schedule":[{"day":0,"utc":"17:02:00","flight":"GS575"},{"day":0,"utc":"01:59:00","flight":"GS673"},{"day":0,"utc":"05:13:00","flight":"GS011"},{"day":0,"utc":"04:28:00","flight":"GS295"},{"day":1,"utc":"04:42:00","flight":"GS136"},{"day":1,"utc":"19:46:00","flight":"GS150"},{"day":1,"utc":"14:15:00","flight":"GS557"},{"day":1,"utc":"03:49:00","flight":"GS610"},{"day":1,"utc":"16:33:00","flight":"GS001"},{"day":2,"utc":"09:59:00","flight":"GS700"},{"day":2,"utc":"09:32:00","flight":"GS952"},{"day":3,"utc":"07:35:00","flight":"GS036"},{"day":4,"utc":"15:53:00","flight":"GS615"},{"day":4,"utc":"07:27:00","flight":"GS286"},{"day":5,"utc":"17:06:00","flight":"GS524"},{"day":5,"utc":"20:51:00","flight":"GS298"},{"day":5,"utc":"03:32:00","flight":"GS739"},{"day":5,"utc":"21:18:00","flight":"GS486"},{"day":5,"utc":"12:08:00","flight":"GS919"},{"day":6,"utc":"12:15:00","flight":"GS836"},{"day":6,"utc":"20:39:00","flight":"GS233"},{"day":6,"utc":"05:19:00","flight":"GS792"},{"day":6,"utc":"23:02:00","flight":"GS714"}]}