{"id":49697,"type":"route","airline":"SK","airlineid":"airline_4319","sourceairport":"ABZ","destinationairport":"BGO","stops":0,"equipment":"DH4 DH3","schedule":[{"day":0,"utc":"10:41:00","flight":"SK055"},{"day":0,"utc":"20:03:00","flight":"SK555"},{"day":1,"utc":"14:44:00","flight":"SK222"},{"day":1,"utc":"03:13:00","flight":"SK551"},{"day":1,"utc":"15:14:00","flight":"SK795"},{"day":1,"utc":"21:04:00","flight":"SK956"},{"day":1,"utc":"17:20:00","flight":"SK472"},{"day":2,"utc":"00:54:00","flight":"SK835"},{"day":2,"utc":"01:32:00","flight":"SK073"},{"day":2,"utc":"01:31:00","flight":"SK863"},{"day":2,"utc":"15:25:00","flight":"SK744"},{"day":2,"utc":"01:44:00","flight":"SK421"},{"day":3,"utc":"13:31:00","flight":"SK839"},{"day":3,"utc":"08:29:00","flight":"SK096"},{"day":3,"utc":"11:53:00","flight":"SK188"},{"day":3,"utc":"10:04:00","flight":"SK292"},{"day":4,"utc":"04:28:00","flight":"SK328"},{"day":4,"utc":"15:14:00","flight":"SK182"},{"day":5,"utc":"03:51:00","flight":"SK851"},{"day":5,"utc":"17:07:00","flight":"SK036"},{"day":5,"utc":"18:12:00","flight":"SK699"},{"day":6,"utc":"12:06:00","flight":"SK992"}]}