{"id":30333,"type":"route","airline":"GS","airlineid":"airline_690","sourceairport":"LHW","destinationairport":"TYN","stops":0,"equipment":"ERJ","schedule":[{"day":0,"utc":"09:24:00","flight":"GS717"},{"day":0,"utc":"23:43:00","flight":"GS169"},{"day":0,"utc":"17:06:00","flight":"GS744"},{"day":0,"utc":"06:18:00","flight":"GS403"},{"day":0,"utc":"23:37:00","flight":"GS745"},{"day":1,"utc":"10:13:00","flight":"GS802"},{"day":1,"utc":"17:36:00","flight":"GS027"},{"day":1,"utc":"09:36:00","flight":"GS472"},{"day":2,"utc":"03:10:00","flight":"GS427"},{"day":2,"utc":"20:11:00","flight":"GS676"},{"day":2,"utc":"04:08:00","flight":"GS583"},{"day":2,"utc":"05:02:00","flight":"GS136"},{"day":3,"utc":"18:42:00","flight":"GS313"},{"day":3,"utc":"17:27:00","flight":"GS527"},{"day":3,"utc":"22:38:00","flight":"GS321"},{"day":3,"utc":"04:12:00","flight":"GS867"},{"day":4,"utc":"15:55:00","flight":"GS480"},{"day":4,"utc":"19:05:00","flight":"GS250"},{"day":5,"utc":"10:53:00","flight":"GS778"},{"day":5,"utc":"09:47:00","flight":"GS270"},{"day":5,"utc":"05:41:00","flight":"GS082"},{"day":5,"utc":"11:40:00","flight":"GS379"},{"day":5,"utc":"16:54:00","flight":"GS618"},{"day":6,"utc":"01:42:00","flight":"GS632"},{"day":6,"utc":"08:39:00","flight":"GS724"},{"day":6,"utc":"04:44:00","flight":"GS300"},{"day":6,"utc":"22:32:00","flight":"GS539"}]}