{"id":53460,"type":"route","airline":"TO","airlineid":"airline_8745","sourceairport":"TLV","destinationairport":"ORY","stops":0,"equipment":"73H","schedule":[{"day":0,"utc":"09:16:00","flight":"TO247"},{"day":0,"utc":"11:26:00","flight":"TO282"},{"day":1,"utc":"01:47:00","flight":"TO314"},{"day":1,"utc":"08:14:00","flight":"TO085"},{"day":1,"utc":"10:03:00","flight":"TO511"},{"day":1,"utc":"17:37:00","flight":"TO279"},{"day":1,"utc":"11:23:00","flight":"TO297"},{"day":2,"utc":"05:02:00","flight":"TO830"},{"day":2,"utc":"10:49:00","flight":"TO332"},{"day":2,"utc":"21:20:00","flight":"TO126"},{"day":2,"utc":"06:11:00","flight":"TO502"},{"day":2,"utc":"09:08:00","flight":"TO384"},{"day":3,"utc":"18:00:00","flight":"TO262"},{"day":3,"utc":"14:35:00","flight":"TO282"},{"day":3,"utc":"02:16:00","flight":"TO176"},{"day":4,"utc":"05:42:00","flight":"TO778"},{"day":4,"utc":"20:42:00","flight":"TO055"},{"day":4,"utc":"01:21:00","flight":"TO536"},{"day":4,"utc":"09:43:00","flight":"TO136"},{"day":5,"utc":"03:15:00","flight":"TO356"},{"day":5,"utc":"13:15:00","flight":"TO991"},{"day":6,"utc":"11:34:00","flight":"TO538"},{"day":6,"utc":"22:23:00","flight":"TO342"},{"day":6,"utc":"05:35:00","flight":"TO399"}]}