{"id":64223,"type":"route","airline":"WN","airlineid":"airline_4547","sourceairport":"OKC","destinationairport":"STL","stops":0,"equipment":"73C 73W","schedule":[{"day":0,"utc":"22:14:00","flight":"WN012"},{"day":0,"utc":"04:31:00","flight":"WN863"},{"day":0,"utc":"04:44:00","flight":"WN543"},{"day":0,"utc":"17:50:00","flight":"WN493"},{"day":0,"utc":"06:01:00","flight":"WN467"},{"day":1,"utc":"03:24:00","flight":"WN308"},{"day":1,"utc":"15:26:00","flight":"WN237"},{"day":1,"utc":"05:19:00","flight":"WN456"},{"day":1,"utc":"17:07:00","flight":"WN728"},{"day":2,"utc":"09:50:00","flight":"WN016"},{"day":2,"utc":"16:32:00","flight":"WN187"},{"day":2,"utc":"00:08:00","flight":"WN647"},{"day":2,"utc":"20:50:00","flight":"WN052"},{"day":2,"utc":"07:16:00","flight":"WN379"},{"day":3,"utc":"16:57:00","flight":"WN478"},{"day":3,"utc":"16:18:00","flight":"WN502"},{"day":3,"utc":"13:08:00","flight":"WN451"},{"day":3,"utc":"07:40:00","flight":"WN368"},{"day":4,"utc":"14:45:00","flight":"WN403"},{"day":4,"utc":"15:05:00","flight":"WN967"},{"day":4,"utc":"13:23:00","flight":"WN498"},{"day":4,"utc":"07:58:00","flight":"WN809"},{"day":4,"utc":"04:10:00","flight":"WN557"},{"day":5,"utc":"07:32:00","flight":"WN184"},{"day":6,"utc":"22:11:00","flight":"WN697"},{"day":6,"utc":"00:19:00","flight":"WN276"},{"day":6,"utc":"08:12:00","flight":"WN393"}]}