{"id":3396,"type":"route","airline":"8V","airlineid":"airline_55","sourceairport":"NUL","destinationairport":"KYU","stops":0,"equipment":"CNC","schedule":[{"day":0,"utc":"15:12:00","flight":"8V265"},{"day":1,"utc":"19:00:00","flight":"8V049"},{"day":1,"utc":"22:43:00","flight":"8V946"},{"day":1,"utc":"01:39:00","flight":"8V321"},{"day":2,"utc":"22:35:00","flight":"8V745"},{"day":3,"utc":"22:00:00","flight":"8V193"},{"day":3,"utc":"08:53:00","flight":"8V349"},{"day":4,"utc":"09:25:00","flight":"8V696"},{"day":4,"utc":"15:39:00","flight":"8V678"},{"day":4,"utc":"23:15:00","flight":"8V740"},{"day":5,"utc":"01:09:00","flight":"8V137"},{"day":5,"utc":"01:37:00","flight":"8V490"},{"day":5,"utc":"01:12:00","flight":"8V265"},{"day":5,"utc":"12:37:00","flight":"8V134"},{"day":6,"utc":"04:49:00","flight":"8V043"},{"day":6,"utc":"12:38:00","flight":"8V739"},{"day":6,"utc":"00:11:00","flight":"8V916"},{"day":6,"utc":"07:34:00","flight":"8V891"}]}