{"id":55697,"type":"route","airline":"U6","airlineid":"airline_5234","sourceairport":"SVX","destinationairport":"CDG","stops":0,"equipment":"320","schedule":[{"day":0,"utc":"12:15:00","flight":"U6588"},{"day":0,"utc":"13:52:00","flight":"U6750"},{"day":0,"utc":"07:48:00","flight":"U6086"},{"day":1,"utc":"12:49:00","flight":"U6235"},{"day":1,"utc":"17:05:00","flight":"U6634"},{"day":1,"utc":"13:25:00","flight":"U6741"},{"day":2,"utc":"11:42:00","flight":"U6392"},{"day":2,"utc":"19:21:00","flight":"U6016"},{"day":2,"utc":"05:07:00","flight":"U6128"},{"day":2,"utc":"08:14:00","flight":"U6622"},{"day":2,"utc":"23:11:00","flight":"U6915"},{"day":3,"utc":"20:57:00","flight":"U6737"},{"day":3,"utc":"12:36:00","flight":"U6395"},{"day":4,"utc":"21:59:00","flight":"U6998"},{"day":4,"utc":"03:28:00","flight":"U6181"},{"day":4,"utc":"07:31:00","flight":"U6189"},{"day":5,"utc":"23:17:00","flight":"U6038"},{"day":5,"utc":"01:12:00","flight":"U6045"},{"day":5,"utc":"01:50:00","flight":"U6531"},{"day":5,"utc":"17:24:00","flight":"U6811"},{"day":5,"utc":"05:44:00","flight":"U6713"},{"day":6,"utc":"15:10:00","flight":"U6501"},{"day":6,"utc":"11:37:00","flight":"U6257"},{"day":6,"utc":"18:45:00","flight":"U6801"}]}