{"id":24335,"type":"route","airline":"F9","airlineid":"airline_2468","sourceairport":"CLE","destinationairport":"TTN","stops":0,"equipment":"319","schedule":[{"day":0,"utc":"00:50:00","flight":"F9517"},{"day":0,"utc":"01:21:00","flight":"F9682"},{"day":0,"utc":"13:26:00","flight":"F9463"},{"day":1,"utc":"15:16:00","flight":"F9664"},{"day":1,"utc":"02:33:00","flight":"F9316"},{"day":1,"utc":"08:14:00","flight":"F9368"},{"day":2,"utc":"15:40:00","flight":"F9607"},{"day":2,"utc":"09:24:00","flight":"F9718"},{"day":3,"utc":"21:39:00","flight":"F9876"},{"day":3,"utc":"12:26:00","flight":"F9776"},{"day":3,"utc":"01:43:00","flight":"F9584"},{"day":3,"utc":"15:13:00","flight":"F9545"},{"day":4,"utc":"20:38:00","flight":"F9310"},{"day":4,"utc":"12:30:00","flight":"F9888"},{"day":5,"utc":"22:51:00","flight":"F9104"},{"day":5,"utc":"01:05:00","flight":"F9728"},{"day":5,"utc":"00:37:00","flight":"F9645"},{"day":6,"utc":"03:52:00","flight":"F9843"},{"day":6,"utc":"09:50:00","flight":"F9877"},{"day":6,"utc":"17:33:00","flight":"F9804"},{"day":6,"utc":"14:40:00","flight":"F9267"},{"day":6,"utc":"08:23:00","flight":"F9877"}]}