{"id":63687,"type":"route","airline":"WN","airlineid":"airline_4547","sourceairport":"DAL","destinationairport":"TUL","stops":0,"equipment":"73W 735","schedule":[{"day":0,"utc":"12:11:00","flight":"WN638"},{"day":0,"utc":"23:08:00","flight":"WN150"},{"day":0,"utc":"17:33:00","flight":"WN804"},{"day":0,"utc":"01:46:00","flight":"WN739"},{"day":0,"utc":"10:11:00","flight":"WN870"},{"day":1,"utc":"04:52:00","flight":"WN896"},{"day":1,"utc":"01:10:00","flight":"WN608"},{"day":1,"utc":"13:14:00","flight":"WN749"},{"day":1,"utc":"01:41:00","flight":"WN229"},{"day":1,"utc":"07:31:00","flight":"WN566"},{"day":2,"utc":"17:42:00","flight":"WN996"},{"day":2,"utc":"01:29:00","flight":"WN656"},{"day":2,"utc":"23:19:00","flight":"WN568"},{"day":2,"utc":"18:20:00","flight":"WN747"},{"day":2,"utc":"22:07:00","flight":"WN885"},{"day":3,"utc":"02:15:00","flight":"WN766"},{"day":4,"utc":"17:41:00","flight":"WN479"},{"day":4,"utc":"21:19:00","flight":"WN374"},{"day":4,"utc":"05:07:00","flight":"WN225"},{"day":4,"utc":"03:53:00","flight":"WN238"},{"day":4,"utc":"19:04:00","flight":"WN875"},{"day":5,"utc":"06:38:00","flight":"WN020"},{"day":5,"utc":"18:54:00","flight":"WN810"},{"day":5,"utc":"18:00:00","flight":"WN098"},{"day":5,"utc":"18:19:00","flight":"WN627"},{"day":6,"utc":"15:51:00","flight":"WN697"},{"day":6,"utc":"00:18:00","flight":"WN939"},{"day":6,"utc":"14:32:00","flight":"WN509"},{"day":6,"utc":"01:20:00","flight":"WN236"},{"day":6,"utc":"21:51:00","flight":"WN123"}]}