{"id":485,"type":"route","airline":"3M","airlineid":"airline_N","sourceairport":"MEI","destinationairport":"ATL","stops":0,"equipment":"SF3","schedule":[{"day":0,"utc":"12:26:00","flight":"3M033"},{"day":0,"utc":"13:01:00","flight":"3M433"},{"day":1,"utc":"03:34:00","flight":"3M459"},{"day":2,"utc":"10:34:00","flight":"3M900"},{"day":2,"utc":"02:12:00","flight":"3M258"},{"day":2,"utc":"18:39:00","flight":"3M362"},{"day":2,"utc":"21:43:00","flight":"3M961"},{"day":3,"utc":"23:39:00","flight":"3M352"},{"day":3,"utc":"11:02:00","flight":"3M429"},{"day":3,"utc":"20:43:00","flight":"3M234"},{"day":3,"utc":"11:26:00","flight":"3M250"},{"day":3,"utc":"05:18:00","flight":"3M144"},{"day":4,"utc":"01:07:00","flight":"3M384"},{"day":5,"utc":"22:25:00","flight":"3M092"},{"day":6,"utc":"15:25:00","flight":"3M578"},{"day":6,"utc":"19:34:00","flight":"3M521"},{"day":6,"utc":"21:54:00","flight":"3M685"}]}