{"id":56366,"type":"route","airline":"UA","airlineid":"airline_5209","sourceairport":"EWR","destinationairport":"ORD","stops":0,"equipment":"73G 320 738 752 319 739 763","schedule":[{"day":0,"utc":"08:35:00","flight":"UA583"},{"day":0,"utc":"11:48:00","flight":"UA909"},{"day":0,"utc":"18:15:00","flight":"UA890"},{"day":1,"utc":"00:34:00","flight":"UA427"},{"day":1,"utc":"08:17:00","flight":"UA416"},{"day":1,"utc":"18:26:00","flight":"UA308"},{"day":1,"utc":"10:45:00","flight":"UA252"},{"day":2,"utc":"09:50:00","flight":"UA305"},{"day":2,"utc":"13:36:00","flight":"UA708"},{"day":2,"utc":"09:40:00","flight":"UA450"},{"day":2,"utc":"05:53:00","flight":"UA963"},{"day":3,"utc":"11:22:00","flight":"UA097"},{"day":3,"utc":"10:11:00","flight":"UA941"},{"day":3,"utc":"02:26:00","flight":"UA956"},{"day":3,"utc":"16:32:00","flight":"UA429"},{"day":4,"utc":"14:43:00","flight":"UA779"},{"day":4,"utc":"09:53:00","flight":"UA566"},{"day":4,"utc":"09:42:00","flight":"UA553"},{"day":4,"utc":"21:13:00","flight":"UA451"},{"day":5,"utc":"17:02:00","flight":"UA945"},{"day":5,"utc":"03:39:00","flight":"UA930"},{"day":5,"utc":"19:47:00","flight":"UA216"},{"day":6,"utc":"23:24:00","flight":"UA001"},{"day":6,"utc":"17:53:00","flight":"UA559"},{"day":6,"utc":"21:36:00","flight":"UA492"},{"day":6,"utc":"23:10:00","flight":"UA480"},{"day":6,"utc":"06:43:00","flight":"UA848"}]}