{"id":9120,"type":"route","airline":"AF","airlineid":"airline_137","sourceairport":"ATL","destinationairport":"MSP","stops":0,"equipment":"320 M90 757","schedule":[{"day":0,"utc":"06:34:00","flight":"AF156"},{"day":1,"utc":"21:37:00","flight":"AF556"},{"day":1,"utc":"19:48:00","flight":"AF601"},{"day":1,"utc":"21:39:00","flight":"AF986"},{"day":1,"utc":"04:35:00","flight":"AF343"},{"day":2,"utc":"09:43:00","flight":"AF544"},{"day":2,"utc":"15:15:00","flight":"AF661"},{"day":3,"utc":"17:16:00","flight":"AF965"},{"day":3,"utc":"20:28:00","flight":"AF515"},{"day":4,"utc":"11:38:00","flight":"AF381"},{"day":5,"utc":"05:55:00","flight":"AF290"},{"day":5,"utc":"00:23:00","flight":"AF964"},{"day":5,"utc":"06:08:00","flight":"AF150"},{"day":5,"utc":"09:24:00","flight":"AF297"},{"day":6,"utc":"19:39:00","flight":"AF176"},{"day":6,"utc":"20:31:00","flight":"AF934"}]}