{"id":55448,"type":"route","airline":"U2","airlineid":"airline_2297","sourceairport":"SXF","destinationairport":"PMI","stops":0,"equipment":"319 320","schedule":[{"day":0,"utc":"05:38:00","flight":"U2949"},{"day":0,"utc":"08:06:00","flight":"U2141"},{"day":0,"utc":"23:49:00","flight":"U2625"},{"day":0,"utc":"10:02:00","flight":"U2887"},{"day":0,"utc":"03:00:00","flight":"U2255"},{"day":1,"utc":"03:15:00","flight":"U2719"},{"day":2,"utc":"17:08:00","flight":"U2227"},{"day":3,"utc":"00:03:00","flight":"U2875"},{"day":3,"utc":"06:03:00","flight":"U2246"},{"day":3,"utc":"08:16:00","flight":"U2110"},{"day":3,"utc":"19:31:00","flight":"U2923"},{"day":3,"utc":"20:53:00","flight":"U2816"},{"day":4,"utc":"23:00:00","flight":"U2558"},{"day":4,"utc":"01:34:00","flight":"U2886"},{"day":4,"utc":"07:32:00","flight":"U2596"},{"day":4,"utc":"10:23:00","flight":"U2582"},{"day":5,"utc":"06:33:00","flight":"U2980"},{"day":5,"utc":"10:04:00","flight":"U2030"},{"day":5,"utc":"17:58:00","flight":"U2336"},{"day":6,"utc":"13:37:00","flight":"U2491"},{"day":6,"utc":"21:35:00","flight":"U2796"}]}