{"id":58804,"type":"route","airline":"US","airlineid":"airline_5265","sourceairport":"CLT","destinationairport":"IAD","stops":0,"equipment":"CR7 CR9","schedule":[{"day":0,"utc":"19:34:00","flight":"US213"},{"day":0,"utc":"10:52:00","flight":"US696"},{"day":0,"utc":"03:32:00","flight":"US626"},{"day":0,"utc":"19:07:00","flight":"US711"},{"day":0,"utc":"14:41:00","flight":"US546"},{"day":1,"utc":"05:24:00","flight":"US311"},{"day":1,"utc":"06:22:00","flight":"US087"},{"day":1,"utc":"19:56:00","flight":"US866"},{"day":2,"utc":"21:21:00","flight":"US499"},{"day":2,"utc":"17:02:00","flight":"US621"},{"day":2,"utc":"20:30:00","flight":"US745"},{"day":2,"utc":"14:01:00","flight":"US372"},{"day":2,"utc":"08:26:00","flight":"US103"},{"day":3,"utc":"06:30:00","flight":"US770"},{"day":3,"utc":"07:00:00","flight":"US906"},{"day":3,"utc":"03:42:00","flight":"US367"},{"day":3,"utc":"13:09:00","flight":"US974"},{"day":3,"utc":"17:10:00","flight":"US190"},{"day":4,"utc":"13:17:00","flight":"US420"},{"day":5,"utc":"07:03:00","flight":"US723"},{"day":5,"utc":"01:25:00","flight":"US097"},{"day":5,"utc":"03:03:00","flight":"US888"},{"day":5,"utc":"21:06:00","flight":"US305"},{"day":5,"utc":"22:31:00","flight":"US154"},{"day":6,"utc":"15:22:00","flight":"US320"},{"day":6,"utc":"14:01:00","flight":"US203"}]}