{"id":20794,"type":"route","airline":"DL","airlineid":"airline_2009","sourceairport":"GRB","destinationairport":"MSP","stops":0,"equipment":"CR9 CRJ","schedule":[{"day":0,"utc":"02:12:00","flight":"DL929"},{"day":0,"utc":"15:20:00","flight":"DL493"},{"day":0,"utc":"20:16:00","flight":"DL201"},{"day":0,"utc":"11:59:00","flight":"DL689"},{"day":1,"utc":"02:04:00","flight":"DL415"},{"day":1,"utc":"19:22:00","flight":"DL572"},{"day":1,"utc":"21:54:00","flight":"DL066"},{"day":1,"utc":"21:16:00","flight":"DL876"},{"day":2,"utc":"15:55:00","flight":"DL240"},{"day":2,"utc":"18:37:00","flight":"DL229"},{"day":2,"utc":"18:55:00","flight":"DL751"},{"day":3,"utc":"22:51:00","flight":"DL445"},{"day":4,"utc":"18:21:00","flight":"DL421"},{"day":4,"utc":"15:51:00","flight":"DL997"},{"day":4,"utc":"15:39:00","flight":"DL559"},{"day":4,"utc":"14:16:00","flight":"DL069"},{"day":5,"utc":"06:56:00","flight":"DL182"},{"day":6,"utc":"04:13:00","flight":"DL595"},{"day":6,"utc":"00:46:00","flight":"DL152"},{"day":6,"utc":"00:48:00","flight":"DL493"},{"day":6,"utc":"12:33:00","flight":"DL032"},{"day":6,"utc":"23:05:00","flight":"DL144"}]}