{"id":10943,"type":"route","airline":"AM","airlineid":"airline_321","sourceairport":"CUN","destinationairport":"SLC","stops":0,"equipment":"320","schedule":[{"day":0,"utc":"20:19:00","flight":"AM317"},{"day":0,"utc":"18:40:00","flight":"AM824"},{"day":0,"utc":"02:17:00","flight":"AM839"},{"day":1,"utc":"07:13:00","flight":"AM909"},{"day":1,"utc":"01:30:00","flight":"AM711"},{"day":1,"utc":"06:47:00","flight":"AM375"},{"day":2,"utc":"10:31:00","flight":"AM796"},{"day":2,"utc":"11:49:00","flight":"AM949"},{"day":2,"utc":"02:04:00","flight":"AM687"},{"day":3,"utc":"08:09:00","flight":"AM943"},{"day":3,"utc":"23:14:00","flight":"AM506"},{"day":3,"utc":"12:25:00","flight":"AM124"},{"day":3,"utc":"06:18:00","flight":"AM653"},{"day":4,"utc":"07:37:00","flight":"AM644"},{"day":4,"utc":"05:55:00","flight":"AM617"},{"day":4,"utc":"05:12:00","flight":"AM319"},{"day":4,"utc":"18:38:00","flight":"AM449"},{"day":5,"utc":"09:51:00","flight":"AM449"},{"day":5,"utc":"02:55:00","flight":"AM718"},{"day":5,"utc":"09:04:00","flight":"AM119"},{"day":5,"utc":"04:27:00","flight":"AM529"},{"day":6,"utc":"14:24:00","flight":"AM126"},{"day":6,"utc":"02:27:00","flight":"AM006"},{"day":6,"utc":"10:01:00","flight":"AM177"},{"day":6,"utc":"02:35:00","flight":"AM028"},{"day":6,"utc":"00:02:00","flight":"AM130"}]}