{"id":9894,"type":"route","airline":"AF","airlineid":"airline_137","sourceairport":"PTP","destinationairport":"ORY","stops":0,"equipment":"77W","schedule":[{"day":0,"utc":"06:42:00","flight":"AF814"},{"day":0,"utc":"21:47:00","flight":"AF620"},{"day":0,"utc":"09:47:00","flight":"AF471"},{"day":0,"utc":"10:24:00","flight":"AF314"},{"day":0,"utc":"18:13:00","flight":"AF664"},{"day":1,"utc":"00:53:00","flight":"AF626"},{"day":1,"utc":"22:28:00","flight":"AF607"},{"day":1,"utc":"17:34:00","flight":"AF452"},{"day":2,"utc":"14:35:00","flight":"AF714"},{"day":2,"utc":"17:05:00","flight":"AF789"},{"day":3,"utc":"14:21:00","flight":"AF551"},{"day":3,"utc":"16:23:00","flight":"AF484"},{"day":3,"utc":"09:28:00","flight":"AF882"},{"day":3,"utc":"10:00:00","flight":"AF799"},{"day":4,"utc":"15:57:00","flight":"AF495"},{"day":5,"utc":"10:44:00","flight":"AF945"},{"day":5,"utc":"17:11:00","flight":"AF202"},{"day":5,"utc":"04:39:00","flight":"AF916"},{"day":5,"utc":"15:17:00","flight":"AF533"},{"day":6,"utc":"05:29:00","flight":"AF389"},{"day":6,"utc":"13:59:00","flight":"AF943"},{"day":6,"utc":"18:45:00","flight":"AF584"}]}