{"id":3636,"type":"route","airline":"9K","airlineid":"airline_1629","sourceairport":"EWB","destinationairport":"ACK","stops":0,"equipment":"CNA","schedule":[{"day":0,"utc":"03:29:00","flight":"9K019"},{"day":0,"utc":"20:56:00","flight":"9K261"},{"day":0,"utc":"05:26:00","flight":"9K577"},{"day":0,"utc":"20:59:00","flight":"9K460"},{"day":1,"utc":"07:56:00","flight":"9K302"},{"day":1,"utc":"19:07:00","flight":"9K491"},{"day":1,"utc":"08:25:00","flight":"9K985"},{"day":2,"utc":"15:30:00","flight":"9K143"},{"day":2,"utc":"00:40:00","flight":"9K610"},{"day":2,"utc":"04:48:00","flight":"9K422"},{"day":2,"utc":"08:33:00","flight":"9K540"},{"day":2,"utc":"09:02:00","flight":"9K589"},{"day":3,"utc":"16:45:00","flight":"9K555"},{"day":3,"utc":"18:43:00","flight":"9K505"},{"day":3,"utc":"23:22:00","flight":"9K780"},{"day":4,"utc":"15:43:00","flight":"9K932"},{"day":5,"utc":"11:36:00","flight":"9K645"},{"day":5,"utc":"10:48:00","flight":"9K999"},{"day":5,"utc":"18:16:00","flight":"9K275"},{"day":5,"utc":"15:36:00","flight":"9K839"},{"day":6,"utc":"19:11:00","flight":"9K226"},{"day":6,"utc":"11:07:00","flight":"9K692"},{"day":6,"utc":"09:25:00","flight":"9K358"},{"day":6,"utc":"05:49:00","flight":"9K210"}]}