{"id":14889,"type":"route","airline":"BA","airlineid":"airline_1355","sourceairport":"RDU","destinationairport":"LHR","stops":0,"equipment":"763","schedule":[{"day":0,"utc":"07:36:00","flight":"BA600"},{"day":0,"utc":"06:49:00","flight":"BA001"},{"day":0,"utc":"12:00:00","flight":"BA895"},{"day":1,"utc":"11:48:00","flight":"BA493"},{"day":1,"utc":"19:29:00","flight":"BA134"},{"day":1,"utc":"08:04:00","flight":"BA513"},{"day":1,"utc":"20:26:00","flight":"BA624"},{"day":2,"utc":"19:53:00","flight":"BA191"},{"day":2,"utc":"16:14:00","flight":"BA431"},{"day":2,"utc":"23:55:00","flight":"BA324"},{"day":2,"utc":"14:22:00","flight":"BA716"},{"day":3,"utc":"23:38:00","flight":"BA122"},{"day":3,"utc":"14:46:00","flight":"BA317"},{"day":3,"utc":"07:24:00","flight":"BA962"},{"day":4,"utc":"02:52:00","flight":"BA051"},{"day":5,"utc":"02:53:00","flight":"BA426"},{"day":6,"utc":"20:33:00","flight":"BA255"},{"day":6,"utc":"15:09:00","flight":"BA836"},{"day":6,"utc":"18:28:00","flight":"BA614"}]}