{"id":9806,"type":"route","airline":"AF","airlineid":"airline_137","sourceairport":"NCE","destinationairport":"TLV","stops":0,"equipment":"320","schedule":[{"day":0,"utc":"16:40:00","flight":"AF026"},{"day":1,"utc":"03:20:00","flight":"AF336"},{"day":1,"utc":"19:18:00","flight":"AF550"},{"day":1,"utc":"18:50:00","flight":"AF774"},{"day":1,"utc":"09:40:00","flight":"AF120"},{"day":2,"utc":"07:53:00","flight":"AF874"},{"day":2,"utc":"08:03:00","flight":"AF109"},{"day":2,"utc":"22:21:00","flight":"AF581"},{"day":2,"utc":"22:56:00","flight":"AF708"},{"day":2,"utc":"05:24:00","flight":"AF943"},{"day":3,"utc":"22:25:00","flight":"AF430"},{"day":3,"utc":"11:51:00","flight":"AF398"},{"day":3,"utc":"15:16:00","flight":"AF457"},{"day":4,"utc":"16:05:00","flight":"AF163"},{"day":4,"utc":"22:35:00","flight":"AF105"},{"day":5,"utc":"02:21:00","flight":"AF810"},{"day":5,"utc":"04:13:00","flight":"AF333"},{"day":5,"utc":"04:38:00","flight":"AF672"},{"day":5,"utc":"17:38:00","flight":"AF717"},{"day":5,"utc":"20:45:00","flight":"AF799"},{"day":6,"utc":"14:53:00","flight":"AF245"},{"day":6,"utc":"15:12:00","flight":"AF308"},{"day":6,"utc":"21:55:00","flight":"AF026"},{"day":6,"utc":"22:31:00","flight":"AF033"}]}