{"id":54680,"type":"route","airline":"U2","airlineid":"airline_2297","sourceairport":"CPH","destinationairport":"MXP","stops":0,"equipment":"319","schedule":[{"day":0,"utc":"15:44:00","flight":"U2448"},{"day":0,"utc":"09:58:00","flight":"U2564"},{"day":0,"utc":"11:17:00","flight":"U2358"},{"day":0,"utc":"05:05:00","flight":"U2234"},{"day":0,"utc":"17:25:00","flight":"U2895"},{"day":1,"utc":"18:56:00","flight":"U2084"},{"day":1,"utc":"06:28:00","flight":"U2771"},{"day":1,"utc":"00:50:00","flight":"U2378"},{"day":1,"utc":"18:13:00","flight":"U2850"},{"day":2,"utc":"19:54:00","flight":"U2116"},{"day":2,"utc":"03:03:00","flight":"U2991"},{"day":2,"utc":"02:19:00","flight":"U2187"},{"day":2,"utc":"06:18:00","flight":"U2233"},{"day":3,"utc":"12:51:00","flight":"U2788"},{"day":4,"utc":"03:06:00","flight":"U2331"},{"day":4,"utc":"02:07:00","flight":"U2173"},{"day":5,"utc":"07:15:00","flight":"U2919"},{"day":6,"utc":"19:34:00","flight":"U2384"},{"day":6,"utc":"15:28:00","flight":"U2350"},{"day":6,"utc":"23:31:00","flight":"U2070"}]}