{"id":20576,"type":"route","airline":"DL","airlineid":"airline_2009","sourceairport":"DTW","destinationairport":"AMS","stops":0,"equipment":"777 333 332 76W","schedule":[{"day":0,"utc":"09:35:00","flight":"DL916"},{"day":1,"utc":"11:47:00","flight":"DL044"},{"day":1,"utc":"09:47:00","flight":"DL599"},{"day":1,"utc":"04:21:00","flight":"DL211"},{"day":2,"utc":"21:56:00","flight":"DL467"},{"day":2,"utc":"14:29:00","flight":"DL290"},{"day":2,"utc":"06:59:00","flight":"DL426"},{"day":3,"utc":"01:23:00","flight":"DL971"},{"day":3,"utc":"03:47:00","flight":"DL672"},{"day":3,"utc":"01:10:00","flight":"DL095"},{"day":3,"utc":"07:24:00","flight":"DL481"},{"day":3,"utc":"01:03:00","flight":"DL595"},{"day":4,"utc":"18:10:00","flight":"DL219"},{"day":4,"utc":"11:24:00","flight":"DL220"},{"day":4,"utc":"11:07:00","flight":"DL076"},{"day":4,"utc":"10:55:00","flight":"DL035"},{"day":5,"utc":"22:10:00","flight":"DL114"},{"day":5,"utc":"19:08:00","flight":"DL385"},{"day":5,"utc":"15:30:00","flight":"DL485"},{"day":5,"utc":"17:58:00","flight":"DL544"},{"day":5,"utc":"01:17:00","flight":"DL408"},{"day":6,"utc":"22:11:00","flight":"DL150"},{"day":6,"utc":"00:17:00","flight":"DL175"},{"day":6,"utc":"08:14:00","flight":"DL963"}]}