{"id":47250,"type":"route","airline":"QH","airlineid":"airline_882","sourceairport":"OSS","destinationairport":"OVB","stops":0,"equipment":"734","schedule":[{"day":0,"utc":"19:02:00","flight":"QH436"},{"day":0,"utc":"09:10:00","flight":"QH791"},{"day":0,"utc":"06:54:00","flight":"QH832"},{"day":0,"utc":"10:31:00","flight":"QH010"},{"day":0,"utc":"23:37:00","flight":"QH420"},{"day":1,"utc":"04:26:00","flight":"QH264"},{"day":1,"utc":"09:19:00","flight":"QH787"},{"day":2,"utc":"13:00:00","flight":"QH009"},{"day":2,"utc":"09:03:00","flight":"QH992"},{"day":2,"utc":"20:21:00","flight":"QH022"},{"day":2,"utc":"23:02:00","flight":"QH221"},{"day":2,"utc":"10:38:00","flight":"QH623"},{"day":3,"utc":"21:08:00","flight":"QH971"},{"day":3,"utc":"13:03:00","flight":"QH732"},{"day":4,"utc":"04:22:00","flight":"QH818"},{"day":4,"utc":"06:25:00","flight":"QH520"},{"day":4,"utc":"15:06:00","flight":"QH593"},{"day":4,"utc":"13:09:00","flight":"QH946"},{"day":5,"utc":"15:24:00","flight":"QH933"},{"day":5,"utc":"18:50:00","flight":"QH676"},{"day":5,"utc":"23:45:00","flight":"QH328"},{"day":5,"utc":"18:34:00","flight":"QH618"},{"day":6,"utc":"08:27:00","flight":"QH984"},{"day":6,"utc":"08:02:00","flight":"QH138"},{"day":6,"utc":"08:34:00","flight":"QH203"},{"day":6,"utc":"01:30:00","flight":"QH752"},{"day":6,"utc":"12:15:00","flight":"QH010"}]}