{"id":52147,"type":"route","airline":"TG","airlineid":"airline_4940","sourceairport":"ICN","destinationairport":"LAX","stops":0,"equipment":"777","schedule":[{"day":0,"utc":"16:03:00","flight":"TG373"},{"day":0,"utc":"01:16:00","flight":"TG516"},{"day":0,"utc":"07:43:00","flight":"TG994"},{"day":0,"utc":"01:12:00","flight":"TG497"},{"day":0,"utc":"22:41:00","flight":"TG039"},{"day":1,"utc":"15:40:00","flight":"TG357"},{"day":1,"utc":"05:04:00","flight":"TG253"},{"day":2,"utc":"02:36:00","flight":"TG590"},{"day":3,"utc":"19:39:00","flight":"TG632"},{"day":4,"utc":"04:52:00","flight":"TG582"},{"day":4,"utc":"06:07:00","flight":"TG325"},{"day":5,"utc":"18:27:00","flight":"TG854"},{"day":5,"utc":"07:49:00","flight":"TG909"},{"day":6,"utc":"17:30:00","flight":"TG337"},{"day":6,"utc":"02:10:00","flight":"TG105"},{"day":6,"utc":"13:18:00","flight":"TG783"}]}