{"id":469,"type":"route","airline":"3M","airlineid":"airline_N","sourceairport":"GHB","destinationairport":"FLL","stops":0,"equipment":"SF3","schedule":[{"day":0,"utc":"15:16:00","flight":"3M941"},{"day":0,"utc":"22:05:00","flight":"3M097"},{"day":0,"utc":"22:21:00","flight":"3M641"},{"day":0,"utc":"04:41:00","flight":"3M079"},{"day":1,"utc":"17:07:00","flight":"3M033"},{"day":2,"utc":"14:54:00","flight":"3M889"},{"day":2,"utc":"22:28:00","flight":"3M206"},{"day":2,"utc":"05:36:00","flight":"3M012"},{"day":2,"utc":"19:57:00","flight":"3M090"},{"day":2,"utc":"16:08:00","flight":"3M197"},{"day":3,"utc":"14:46:00","flight":"3M053"},{"day":3,"utc":"18:13:00","flight":"3M085"},{"day":4,"utc":"05:39:00","flight":"3M675"},{"day":4,"utc":"00:23:00","flight":"3M188"},{"day":5,"utc":"02:51:00","flight":"3M858"},{"day":6,"utc":"01:14:00","flight":"3M083"}]}