{"id":57613,"type":"route","airline":"UA","airlineid":"airline_5209","sourceairport":"SEA","destinationairport":"ANC","stops":0,"equipment":"739 738","schedule":[{"day":0,"utc":"07:09:00","flight":"UA623"},{"day":0,"utc":"22:24:00","flight":"UA503"},{"day":0,"utc":"13:07:00","flight":"UA177"},{"day":1,"utc":"22:11:00","flight":"UA598"},{"day":1,"utc":"21:38:00","flight":"UA703"},{"day":1,"utc":"01:34:00","flight":"UA129"},{"day":1,"utc":"09:46:00","flight":"UA401"},{"day":2,"utc":"22:27:00","flight":"UA797"},{"day":2,"utc":"14:32:00","flight":"UA058"},{"day":2,"utc":"09:02:00","flight":"UA647"},{"day":2,"utc":"17:06:00","flight":"UA444"},{"day":2,"utc":"22:37:00","flight":"UA184"},{"day":3,"utc":"09:47:00","flight":"UA476"},{"day":3,"utc":"12:47:00","flight":"UA085"},{"day":4,"utc":"17:30:00","flight":"UA963"},{"day":4,"utc":"13:56:00","flight":"UA861"},{"day":5,"utc":"07:08:00","flight":"UA069"},{"day":5,"utc":"11:45:00","flight":"UA912"},{"day":6,"utc":"22:40:00","flight":"UA997"}]}