{"id":55902,"type":"route","airline":"UA","airlineid":"airline_5209","sourceairport":"BRU","destinationairport":"DLA","stops":0,"equipment":"332 333","schedule":[{"day":0,"utc":"11:58:00","flight":"UA450"},{"day":1,"utc":"13:41:00","flight":"UA997"},{"day":1,"utc":"23:08:00","flight":"UA107"},{"day":1,"utc":"11:04:00","flight":"UA011"},{"day":1,"utc":"15:46:00","flight":"UA618"},{"day":2,"utc":"19:15:00","flight":"UA906"},{"day":3,"utc":"01:06:00","flight":"UA023"},{"day":3,"utc":"02:02:00","flight":"UA586"},{"day":3,"utc":"11:16:00","flight":"UA625"},{"day":3,"utc":"21:51:00","flight":"UA595"},{"day":4,"utc":"21:59:00","flight":"UA740"},{"day":4,"utc":"21:39:00","flight":"UA451"},{"day":5,"utc":"22:43:00","flight":"UA693"},{"day":5,"utc":"16:58:00","flight":"UA891"},{"day":5,"utc":"10:51:00","flight":"UA518"},{"day":5,"utc":"04:31:00","flight":"UA729"},{"day":6,"utc":"10:08:00","flight":"UA876"},{"day":6,"utc":"02:24:00","flight":"UA417"},{"day":6,"utc":"22:18:00","flight":"UA353"},{"day":6,"utc":"01:59:00","flight":"UA445"},{"day":6,"utc":"23:55:00","flight":"UA042"}]}