{"id":58712,"type":"route","airline":"US","airlineid":"airline_5265","sourceairport":"CAE","destinationairport":"DCA","stops":0,"equipment":"CRJ","schedule":[{"day":0,"utc":"15:28:00","flight":"US059"},{"day":0,"utc":"12:36:00","flight":"US937"},{"day":0,"utc":"19:26:00","flight":"US022"},{"day":1,"utc":"06:46:00","flight":"US540"},{"day":1,"utc":"17:16:00","flight":"US705"},{"day":1,"utc":"01:11:00","flight":"US492"},{"day":1,"utc":"12:50:00","flight":"US546"},{"day":2,"utc":"13:55:00","flight":"US671"},{"day":2,"utc":"15:08:00","flight":"US353"},{"day":2,"utc":"00:20:00","flight":"US542"},{"day":2,"utc":"16:53:00","flight":"US301"},{"day":2,"utc":"02:37:00","flight":"US848"},{"day":3,"utc":"17:24:00","flight":"US850"},{"day":3,"utc":"22:48:00","flight":"US200"},{"day":3,"utc":"08:19:00","flight":"US828"},{"day":3,"utc":"22:17:00","flight":"US021"},{"day":3,"utc":"01:53:00","flight":"US403"},{"day":4,"utc":"17:16:00","flight":"US977"},{"day":4,"utc":"11:46:00","flight":"US850"},{"day":5,"utc":"02:23:00","flight":"US303"},{"day":5,"utc":"17:59:00","flight":"US363"},{"day":5,"utc":"00:48:00","flight":"US940"},{"day":5,"utc":"17:27:00","flight":"US107"},{"day":5,"utc":"03:03:00","flight":"US371"},{"day":6,"utc":"03:31:00","flight":"US215"},{"day":6,"utc":"22:49:00","flight":"US810"},{"day":6,"utc":"07:55:00","flight":"US702"},{"day":6,"utc":"23:37:00","flight":"US802"},{"day":6,"utc":"01:13:00","flight":"US198"}]}