{"id":38105,"type":"route","airline":"LH","airlineid":"airline_3320","sourceairport":"DEN","destinationairport":"FRA","stops":0,"equipment":"744","schedule":[{"day":0,"utc":"19:10:00","flight":"LH980"},{"day":0,"utc":"13:42:00","flight":"LH641"},{"day":0,"utc":"01:44:00","flight":"LH638"},{"day":1,"utc":"17:10:00","flight":"LH049"},{"day":1,"utc":"15:38:00","flight":"LH771"},{"day":2,"utc":"19:02:00","flight":"LH228"},{"day":2,"utc":"10:22:00","flight":"LH105"},{"day":3,"utc":"22:34:00","flight":"LH138"},{"day":3,"utc":"06:55:00","flight":"LH205"},{"day":3,"utc":"20:02:00","flight":"LH377"},{"day":3,"utc":"01:05:00","flight":"LH253"},{"day":4,"utc":"22:17:00","flight":"LH697"},{"day":4,"utc":"14:42:00","flight":"LH777"},{"day":4,"utc":"10:11:00","flight":"LH491"},{"day":5,"utc":"15:10:00","flight":"LH307"},{"day":6,"utc":"21:39:00","flight":"LH798"},{"day":6,"utc":"10:47:00","flight":"LH937"}]}