{"id":21186,"type":"route","airline":"DL","airlineid":"airline_2009","sourceairport":"LOS","destinationairport":"ATL","stops":0,"equipment":"76W","schedule":[{"day":0,"utc":"14:30:00","flight":"DL745"},{"day":1,"utc":"03:49:00","flight":"DL074"},{"day":2,"utc":"07:21:00","flight":"DL597"},{"day":2,"utc":"19:53:00","flight":"DL381"},{"day":2,"utc":"11:20:00","flight":"DL826"},{"day":2,"utc":"13:25:00","flight":"DL702"},{"day":2,"utc":"22:59:00","flight":"DL715"},{"day":3,"utc":"01:02:00","flight":"DL029"},{"day":3,"utc":"09:21:00","flight":"DL752"},{"day":3,"utc":"21:39:00","flight":"DL089"},{"day":3,"utc":"06:54:00","flight":"DL870"},{"day":4,"utc":"22:41:00","flight":"DL731"},{"day":4,"utc":"05:56:00","flight":"DL672"},{"day":4,"utc":"21:29:00","flight":"DL401"},{"day":5,"utc":"01:29:00","flight":"DL926"},{"day":5,"utc":"21:47:00","flight":"DL723"},{"day":5,"utc":"07:23:00","flight":"DL083"},{"day":5,"utc":"18:13:00","flight":"DL099"},{"day":5,"utc":"03:10:00","flight":"DL360"},{"day":6,"utc":"13:09:00","flight":"DL285"},{"day":6,"utc":"08:12:00","flight":"DL280"},{"day":6,"utc":"21:06:00","flight":"DL943"}]}