{"id":28151,"type":"route","airline":"FR","airlineid":"airline_4296","sourceairport":"TSF","destinationairport":"EMA","stops":0,"equipment":"738","schedule":[{"day":0,"utc":"16:41:00","flight":"FR067"},{"day":0,"utc":"12:14:00","flight":"FR238"},{"day":0,"utc":"13:49:00","flight":"FR967"},{"day":0,"utc":"21:06:00","flight":"FR305"},{"day":1,"utc":"04:33:00","flight":"FR064"},{"day":2,"utc":"17:34:00","flight":"FR050"},{"day":2,"utc":"20:50:00","flight":"FR748"},{"day":2,"utc":"07:17:00","flight":"FR775"},{"day":3,"utc":"20:04:00","flight":"FR720"},{"day":3,"utc":"01:59:00","flight":"FR363"},{"day":3,"utc":"13:29:00","flight":"FR221"},{"day":3,"utc":"04:19:00","flight":"FR749"},{"day":3,"utc":"13:51:00","flight":"FR997"},{"day":4,"utc":"05:47:00","flight":"FR317"},{"day":4,"utc":"00:18:00","flight":"FR841"},{"day":5,"utc":"01:51:00","flight":"FR121"},{"day":5,"utc":"15:37:00","flight":"FR470"},{"day":6,"utc":"09:04:00","flight":"FR977"},{"day":6,"utc":"15:34:00","flight":"FR105"}]}