{"id":49882,"type":"route","airline":"SK","airlineid":"airline_4319","sourceairport":"CPH","destinationairport":"LHR","stops":0,"equipment":"321 320 CR9","schedule":[{"day":0,"utc":"10:36:00","flight":"SK285"},{"day":0,"utc":"12:13:00","flight":"SK468"},{"day":0,"utc":"13:25:00","flight":"SK336"},{"day":0,"utc":"18:37:00","flight":"SK711"},{"day":0,"utc":"06:33:00","flight":"SK745"},{"day":1,"utc":"09:21:00","flight":"SK257"},{"day":2,"utc":"23:31:00","flight":"SK215"},{"day":2,"utc":"23:35:00","flight":"SK941"},{"day":2,"utc":"15:07:00","flight":"SK781"},{"day":2,"utc":"18:57:00","flight":"SK890"},{"day":2,"utc":"06:16:00","flight":"SK818"},{"day":3,"utc":"08:11:00","flight":"SK633"},{"day":4,"utc":"18:41:00","flight":"SK367"},{"day":4,"utc":"14:31:00","flight":"SK079"},{"day":4,"utc":"14:59:00","flight":"SK292"},{"day":4,"utc":"23:11:00","flight":"SK609"},{"day":5,"utc":"15:26:00","flight":"SK708"},{"day":6,"utc":"20:46:00","flight":"SK824"},{"day":6,"utc":"18:11:00","flight":"SK063"},{"day":6,"utc":"14:57:00","flight":"SK196"},{"day":6,"utc":"21:34:00","flight":"SK091"},{"day":6,"utc":"04:28:00","flight":"SK149"}]}