{"id":6155,"type":"route","airline":"AA","airlineid":"airline_24","sourceairport":"MTY","destinationairport":"DFW","stops":0,"equipment":"M80 M83","schedule":[{"day":0,"utc":"07:49:00","flight":"AA529"},{"day":0,"utc":"09:37:00","flight":"AA129"},{"day":0,"utc":"07:47:00","flight":"AA647"},{"day":0,"utc":"03:36:00","flight":"AA366"},{"day":1,"utc":"09:59:00","flight":"AA577"},{"day":1,"utc":"01:42:00","flight":"AA781"},{"day":1,"utc":"16:10:00","flight":"AA383"},{"day":1,"utc":"21:07:00","flight":"AA754"},{"day":2,"utc":"16:17:00","flight":"AA423"},{"day":2,"utc":"19:02:00","flight":"AA606"},{"day":3,"utc":"13:58:00","flight":"AA177"},{"day":3,"utc":"14:58:00","flight":"AA738"},{"day":3,"utc":"10:57:00","flight":"AA698"},{"day":3,"utc":"10:08:00","flight":"AA185"},{"day":3,"utc":"10:57:00","flight":"AA237"},{"day":4,"utc":"16:44:00","flight":"AA589"},{"day":4,"utc":"03:46:00","flight":"AA928"},{"day":4,"utc":"03:37:00","flight":"AA817"},{"day":5,"utc":"05:59:00","flight":"AA357"},{"day":5,"utc":"06:17:00","flight":"AA886"},{"day":6,"utc":"02:15:00","flight":"AA968"},{"day":6,"utc":"19:46:00","flight":"AA035"}]}