{"id":43931,"type":"route","airline":"NZ","airlineid":"airline_345","sourceairport":"GDL","destinationairport":"LAX","stops":0,"equipment":"319","schedule":[{"day":0,"utc":"00:59:00","flight":"NZ302"},{"day":0,"utc":"12:53:00","flight":"NZ275"},{"day":1,"utc":"01:16:00","flight":"NZ713"},{"day":1,"utc":"07:19:00","flight":"NZ603"},{"day":1,"utc":"11:02:00","flight":"NZ804"},{"day":1,"utc":"16:36:00","flight":"NZ473"},{"day":2,"utc":"10:21:00","flight":"NZ983"},{"day":2,"utc":"02:51:00","flight":"NZ535"},{"day":2,"utc":"09:34:00","flight":"NZ601"},{"day":2,"utc":"20:06:00","flight":"NZ667"},{"day":2,"utc":"01:23:00","flight":"NZ417"},{"day":3,"utc":"11:48:00","flight":"NZ328"},{"day":3,"utc":"15:47:00","flight":"NZ908"},{"day":3,"utc":"08:04:00","flight":"NZ761"},{"day":4,"utc":"16:21:00","flight":"NZ811"},{"day":5,"utc":"04:24:00","flight":"NZ179"},{"day":5,"utc":"17:45:00","flight":"NZ574"},{"day":6,"utc":"02:49:00","flight":"NZ960"}]}