{"id":14062,"type":"route","airline":"B6","airlineid":"airline_3029","sourceairport":"JFK","destinationairport":"CUN","stops":0,"equipment":"320","schedule":[{"day":0,"utc":"13:50:00","flight":"B6321"},{"day":0,"utc":"20:36:00","flight":"B6357"},{"day":1,"utc":"19:13:00","flight":"B6437"},{"day":2,"utc":"07:57:00","flight":"B6195"},{"day":2,"utc":"22:46:00","flight":"B6497"},{"day":2,"utc":"11:42:00","flight":"B6747"},{"day":2,"utc":"06:47:00","flight":"B6402"},{"day":3,"utc":"05:21:00","flight":"B6291"},{"day":3,"utc":"02:11:00","flight":"B6895"},{"day":3,"utc":"15:52:00","flight":"B6706"},{"day":4,"utc":"14:29:00","flight":"B6445"},{"day":4,"utc":"12:32:00","flight":"B6913"},{"day":4,"utc":"23:08:00","flight":"B6926"},{"day":4,"utc":"04:05:00","flight":"B6681"},{"day":4,"utc":"00:37:00","flight":"B6958"},{"day":5,"utc":"09:50:00","flight":"B6907"},{"day":5,"utc":"14:04:00","flight":"B6480"},{"day":5,"utc":"04:27:00","flight":"B6014"},{"day":5,"utc":"08:35:00","flight":"B6437"},{"day":6,"utc":"17:34:00","flight":"B6127"},{"day":6,"utc":"10:03:00","flight":"B6174"},{"day":6,"utc":"03:58:00","flight":"B6114"},{"day":6,"utc":"04:04:00","flight":"B6983"},{"day":6,"utc":"19:12:00","flight":"B6768"}]}