{"id":36150,"type":"route","airline":"KK","airlineid":"airline_995","sourceairport":"IST","destinationairport":"LTN","stops":0,"equipment":"320","schedule":[{"day":0,"utc":"18:36:00","flight":"KK997"},{"day":0,"utc":"23:45:00","flight":"KK737"},{"day":0,"utc":"04:48:00","flight":"KK758"},{"day":1,"utc":"01:06:00","flight":"KK031"},{"day":1,"utc":"22:00:00","flight":"KK309"},{"day":1,"utc":"16:17:00","flight":"KK802"},{"day":2,"utc":"16:03:00","flight":"KK076"},{"day":2,"utc":"21:43:00","flight":"KK491"},{"day":3,"utc":"19:49:00","flight":"KK906"},{"day":3,"utc":"07:08:00","flight":"KK657"},{"day":3,"utc":"05:09:00","flight":"KK941"},{"day":4,"utc":"16:02:00","flight":"KK118"},{"day":4,"utc":"00:33:00","flight":"KK236"},{"day":5,"utc":"02:31:00","flight":"KK337"},{"day":5,"utc":"03:38:00","flight":"KK433"},{"day":5,"utc":"02:56:00","flight":"KK994"},{"day":5,"utc":"12:49:00","flight":"KK458"},{"day":6,"utc":"15:18:00","flight":"KK926"},{"day":6,"utc":"22:56:00","flight":"KK113"},{"day":6,"utc":"21:47:00","flight":"KK759"}]}