{"id":63887,"type":"route","airline":"WN","airlineid":"airline_4547","sourceairport":"IND","destinationairport":"DEN","stops":0,"equipment":"733 73C 73W","schedule":[{"day":0,"utc":"03:31:00","flight":"WN093"},{"day":0,"utc":"15:04:00","flight":"WN497"},{"day":1,"utc":"08:41:00","flight":"WN039"},{"day":1,"utc":"00:43:00","flight":"WN429"},{"day":1,"utc":"12:05:00","flight":"WN759"},{"day":2,"utc":"06:54:00","flight":"WN398"},{"day":2,"utc":"23:59:00","flight":"WN685"},{"day":2,"utc":"20:17:00","flight":"WN261"},{"day":2,"utc":"01:08:00","flight":"WN460"},{"day":2,"utc":"07:56:00","flight":"WN861"},{"day":3,"utc":"00:48:00","flight":"WN177"},{"day":3,"utc":"05:29:00","flight":"WN801"},{"day":3,"utc":"00:50:00","flight":"WN484"},{"day":3,"utc":"01:38:00","flight":"WN046"},{"day":3,"utc":"04:57:00","flight":"WN757"},{"day":4,"utc":"21:36:00","flight":"WN034"},{"day":4,"utc":"11:01:00","flight":"WN241"},{"day":4,"utc":"03:31:00","flight":"WN884"},{"day":4,"utc":"04:04:00","flight":"WN891"},{"day":4,"utc":"23:14:00","flight":"WN774"},{"day":5,"utc":"14:08:00","flight":"WN615"},{"day":5,"utc":"14:23:00","flight":"WN883"},{"day":5,"utc":"16:11:00","flight":"WN262"},{"day":5,"utc":"09:53:00","flight":"WN357"},{"day":6,"utc":"20:18:00","flight":"WN357"},{"day":6,"utc":"00:37:00","flight":"WN667"}]}