{"id":64166,"type":"route","airline":"WN","airlineid":"airline_4547","sourceairport":"MKE","destinationairport":"STL","stops":0,"equipment":"73W 73C","schedule":[{"day":0,"utc":"15:50:00","flight":"WN292"},{"day":0,"utc":"07:39:00","flight":"WN722"},{"day":0,"utc":"11:22:00","flight":"WN173"},{"day":0,"utc":"09:11:00","flight":"WN458"},{"day":1,"utc":"08:43:00","flight":"WN618"},{"day":2,"utc":"14:11:00","flight":"WN288"},{"day":2,"utc":"05:03:00","flight":"WN951"},{"day":3,"utc":"00:17:00","flight":"WN020"},{"day":3,"utc":"20:36:00","flight":"WN245"},{"day":3,"utc":"08:01:00","flight":"WN216"},{"day":4,"utc":"17:44:00","flight":"WN280"},{"day":4,"utc":"22:26:00","flight":"WN426"},{"day":4,"utc":"19:53:00","flight":"WN385"},{"day":4,"utc":"11:05:00","flight":"WN677"},{"day":4,"utc":"16:14:00","flight":"WN767"},{"day":5,"utc":"16:09:00","flight":"WN408"},{"day":5,"utc":"09:55:00","flight":"WN057"},{"day":6,"utc":"05:26:00","flight":"WN471"}]}