{"id":23730,"type":"route","airline":"ET","airlineid":"airline_2220","sourceairport":"CDG","destinationairport":"ADD","stops":0,"equipment":"763","schedule":[{"day":0,"utc":"00:36:00","flight":"ET422"},{"day":0,"utc":"14:18:00","flight":"ET490"},{"day":0,"utc":"10:07:00","flight":"ET741"},{"day":1,"utc":"20:46:00","flight":"ET112"},{"day":1,"utc":"16:33:00","flight":"ET780"},{"day":1,"utc":"22:02:00","flight":"ET338"},{"day":1,"utc":"01:30:00","flight":"ET039"},{"day":1,"utc":"18:34:00","flight":"ET887"},{"day":2,"utc":"10:57:00","flight":"ET166"},{"day":2,"utc":"09:11:00","flight":"ET431"},{"day":3,"utc":"07:45:00","flight":"ET995"},{"day":3,"utc":"19:00:00","flight":"ET308"},{"day":3,"utc":"03:28:00","flight":"ET816"},{"day":4,"utc":"21:26:00","flight":"ET211"},{"day":4,"utc":"12:58:00","flight":"ET977"},{"day":4,"utc":"13:55:00","flight":"ET832"},{"day":4,"utc":"15:29:00","flight":"ET960"},{"day":4,"utc":"04:57:00","flight":"ET879"},{"day":5,"utc":"18:34:00","flight":"ET672"},{"day":6,"utc":"04:53:00","flight":"ET510"},{"day":6,"utc":"09:22:00","flight":"ET462"},{"day":6,"utc":"04:22:00","flight":"ET878"},{"day":6,"utc":"15:06:00","flight":"ET582"}]}