{"id":28914,"type":"route","airline":"G4","airlineid":"airline_35","sourceairport":"BLV","destinationairport":"SFB","stops":0,"equipment":"M80","schedule":[{"day":0,"utc":"00:54:00","flight":"G4744"},{"day":0,"utc":"21:13:00","flight":"G4818"},{"day":1,"utc":"13:09:00","flight":"G4863"},{"day":1,"utc":"17:04:00","flight":"G4903"},{"day":1,"utc":"00:39:00","flight":"G4654"},{"day":1,"utc":"13:19:00","flight":"G4363"},{"day":1,"utc":"17:58:00","flight":"G4922"},{"day":2,"utc":"00:18:00","flight":"G4867"},{"day":2,"utc":"08:44:00","flight":"G4136"},{"day":2,"utc":"13:06:00","flight":"G4514"},{"day":2,"utc":"15:02:00","flight":"G4173"},{"day":3,"utc":"21:50:00","flight":"G4864"},{"day":3,"utc":"20:40:00","flight":"G4243"},{"day":4,"utc":"02:29:00","flight":"G4812"},{"day":4,"utc":"06:02:00","flight":"G4492"},{"day":4,"utc":"08:42:00","flight":"G4334"},{"day":4,"utc":"08:17:00","flight":"G4581"},{"day":5,"utc":"09:13:00","flight":"G4685"},{"day":5,"utc":"16:19:00","flight":"G4965"},{"day":5,"utc":"00:51:00","flight":"G4979"},{"day":5,"utc":"09:19:00","flight":"G4374"},{"day":6,"utc":"15:11:00","flight":"G4953"},{"day":6,"utc":"08:20:00","flight":"G4957"},{"day":6,"utc":"19:11:00","flight":"G4940"},{"day":6,"utc":"10:18:00","flight":"G4551"},{"day":6,"utc":"22:20:00","flight":"G4469"}]}