{"id":10967,"type":"route","airline":"AM","airlineid":"airline_321","sourceairport":"FCO","destinationairport":"ATL","stops":0,"equipment":"333","schedule":[{"day":0,"utc":"12:38:00","flight":"AM103"},{"day":0,"utc":"06:58:00","flight":"AM096"},{"day":0,"utc":"03:38:00","flight":"AM477"},{"day":0,"utc":"11:36:00","flight":"AM741"},{"day":1,"utc":"00:52:00","flight":"AM900"},{"day":1,"utc":"13:17:00","flight":"AM651"},{"day":1,"utc":"10:01:00","flight":"AM994"},{"day":2,"utc":"20:49:00","flight":"AM519"},{"day":2,"utc":"11:44:00","flight":"AM877"},{"day":2,"utc":"09:45:00","flight":"AM434"},{"day":2,"utc":"21:35:00","flight":"AM462"},{"day":2,"utc":"09:06:00","flight":"AM080"},{"day":3,"utc":"22:57:00","flight":"AM698"},{"day":3,"utc":"14:01:00","flight":"AM521"},{"day":3,"utc":"04:25:00","flight":"AM898"},{"day":4,"utc":"01:09:00","flight":"AM742"},{"day":4,"utc":"19:16:00","flight":"AM448"},{"day":5,"utc":"08:26:00","flight":"AM989"},{"day":5,"utc":"12:45:00","flight":"AM566"},{"day":5,"utc":"21:15:00","flight":"AM718"},{"day":5,"utc":"21:55:00","flight":"AM891"},{"day":5,"utc":"21:07:00","flight":"AM716"},{"day":6,"utc":"19:47:00","flight":"AM045"},{"day":6,"utc":"10:25:00","flight":"AM979"}]}