{"id":5019,"type":"route","airline":"AA","airlineid":"airline_24","sourceairport":"CLT","destinationairport":"VPS","stops":0,"equipment":"CRJ","schedule":[{"day":0,"utc":"23:03:00","flight":"AA947"},{"day":0,"utc":"06:00:00","flight":"AA623"},{"day":0,"utc":"05:15:00","flight":"AA214"},{"day":1,"utc":"06:04:00","flight":"AA409"},{"day":1,"utc":"00:20:00","flight":"AA152"},{"day":2,"utc":"07:26:00","flight":"AA063"},{"day":2,"utc":"09:39:00","flight":"AA242"},{"day":2,"utc":"16:41:00","flight":"AA702"},{"day":2,"utc":"06:30:00","flight":"AA684"},{"day":2,"utc":"03:41:00","flight":"AA418"},{"day":3,"utc":"00:39:00","flight":"AA897"},{"day":4,"utc":"19:21:00","flight":"AA543"},{"day":4,"utc":"16:55:00","flight":"AA791"},{"day":4,"utc":"17:24:00","flight":"AA559"},{"day":4,"utc":"03:26:00","flight":"AA677"},{"day":5,"utc":"02:37:00","flight":"AA673"},{"day":6,"utc":"17:29:00","flight":"AA386"},{"day":6,"utc":"12:11:00","flight":"AA914"}]}