{"id":13173,"type":"route","airline":"AZ","airlineid":"airline_596","sourceairport":"CDG","destinationairport":"MPL","stops":0,"equipment":"318 319 320 32A","schedule":[{"day":0,"utc":"10:50:00","flight":"AZ908"},{"day":0,"utc":"11:40:00","flight":"AZ066"},{"day":0,"utc":"11:16:00","flight":"AZ530"},{"day":0,"utc":"01:55:00","flight":"AZ311"},{"day":0,"utc":"15:31:00","flight":"AZ822"},{"day":1,"utc":"07:53:00","flight":"AZ781"},{"day":1,"utc":"10:01:00","flight":"AZ890"},{"day":1,"utc":"19:51:00","flight":"AZ285"},{"day":1,"utc":"09:08:00","flight":"AZ885"},{"day":1,"utc":"02:33:00","flight":"AZ718"},{"day":2,"utc":"22:26:00","flight":"AZ102"},{"day":2,"utc":"09:22:00","flight":"AZ921"},{"day":2,"utc":"14:24:00","flight":"AZ268"},{"day":2,"utc":"00:40:00","flight":"AZ574"},{"day":2,"utc":"14:06:00","flight":"AZ082"},{"day":3,"utc":"16:38:00","flight":"AZ890"},{"day":3,"utc":"01:37:00","flight":"AZ912"},{"day":3,"utc":"05:24:00","flight":"AZ469"},{"day":3,"utc":"01:31:00","flight":"AZ137"},{"day":3,"utc":"02:30:00","flight":"AZ181"},{"day":4,"utc":"23:36:00","flight":"AZ987"},{"day":4,"utc":"00:47:00","flight":"AZ756"},{"day":4,"utc":"19:21:00","flight":"AZ894"},{"day":4,"utc":"12:57:00","flight":"AZ040"},{"day":4,"utc":"10:07:00","flight":"AZ858"},{"day":5,"utc":"08:04:00","flight":"AZ198"},{"day":5,"utc":"01:37:00","flight":"AZ714"},{"day":6,"utc":"21:18:00","flight":"AZ857"},{"day":6,"utc":"19:27:00","flight":"AZ490"}]}