{"id":9038,"type":"route","airline":"AF","airlineid":"airline_137","sourceairport":"ATL","destinationairport":"CAK","stops":0,"equipment":"M88","schedule":[{"day":0,"utc":"15:50:00","flight":"AF496"},{"day":0,"utc":"18:30:00","flight":"AF943"},{"day":0,"utc":"07:03:00","flight":"AF449"},{"day":0,"utc":"03:32:00","flight":"AF472"},{"day":0,"utc":"18:54:00","flight":"AF040"},{"day":1,"utc":"16:15:00","flight":"AF762"},{"day":1,"utc":"14:45:00","flight":"AF762"},{"day":1,"utc":"12:34:00","flight":"AF265"},{"day":1,"utc":"07:23:00","flight":"AF156"},{"day":1,"utc":"09:51:00","flight":"AF797"},{"day":2,"utc":"15:50:00","flight":"AF396"},{"day":2,"utc":"04:46:00","flight":"AF938"},{"day":2,"utc":"17:00:00","flight":"AF070"},{"day":2,"utc":"16:59:00","flight":"AF248"},{"day":3,"utc":"16:26:00","flight":"AF528"},{"day":3,"utc":"17:45:00","flight":"AF189"},{"day":3,"utc":"08:16:00","flight":"AF864"},{"day":4,"utc":"01:11:00","flight":"AF941"},{"day":5,"utc":"21:36:00","flight":"AF004"},{"day":5,"utc":"13:35:00","flight":"AF948"},{"day":5,"utc":"00:28:00","flight":"AF829"},{"day":5,"utc":"07:55:00","flight":"AF696"},{"day":6,"utc":"17:43:00","flight":"AF782"},{"day":6,"utc":"16:41:00","flight":"AF075"},{"day":6,"utc":"08:27:00","flight":"AF810"},{"day":6,"utc":"00:06:00","flight":"AF616"}]}