{"id":63716,"type":"route","airline":"WN","airlineid":"airline_4547","sourceairport":"DEN","destinationairport":"GEG","stops":0,"equipment":"73W","schedule":[{"day":0,"utc":"21:43:00","flight":"WN357"},{"day":0,"utc":"03:22:00","flight":"WN307"},{"day":0,"utc":"20:41:00","flight":"WN577"},{"day":0,"utc":"05:41:00","flight":"WN566"},{"day":1,"utc":"04:28:00","flight":"WN653"},{"day":1,"utc":"07:34:00","flight":"WN582"},{"day":1,"utc":"12:11:00","flight":"WN902"},{"day":1,"utc":"03:02:00","flight":"WN236"},{"day":1,"utc":"23:28:00","flight":"WN040"},{"day":2,"utc":"06:21:00","flight":"WN103"},{"day":2,"utc":"10:01:00","flight":"WN010"},{"day":2,"utc":"23:16:00","flight":"WN183"},{"day":2,"utc":"17:02:00","flight":"WN206"},{"day":3,"utc":"20:32:00","flight":"WN630"},{"day":3,"utc":"01:30:00","flight":"WN904"},{"day":4,"utc":"12:54:00","flight":"WN261"},{"day":4,"utc":"05:13:00","flight":"WN122"},{"day":4,"utc":"06:02:00","flight":"WN887"},{"day":4,"utc":"22:05:00","flight":"WN581"},{"day":4,"utc":"19:12:00","flight":"WN553"},{"day":5,"utc":"16:51:00","flight":"WN153"},{"day":5,"utc":"07:23:00","flight":"WN971"},{"day":5,"utc":"17:19:00","flight":"WN426"},{"day":6,"utc":"13:32:00","flight":"WN438"},{"day":6,"utc":"19:09:00","flight":"WN457"},{"day":6,"utc":"02:32:00","flight":"WN961"},{"day":6,"utc":"22:34:00","flight":"WN054"}]}