{"id":21010,"type":"route","airline":"DL","airlineid":"airline_2009","sourceairport":"KOA","destinationairport":"LAX","stops":0,"equipment":"757","schedule":[{"day":0,"utc":"23:37:00","flight":"DL385"},{"day":1,"utc":"17:54:00","flight":"DL101"},{"day":2,"utc":"02:14:00","flight":"DL438"},{"day":2,"utc":"10:27:00","flight":"DL714"},{"day":2,"utc":"20:22:00","flight":"DL336"},{"day":3,"utc":"18:52:00","flight":"DL367"},{"day":3,"utc":"22:35:00","flight":"DL527"},{"day":3,"utc":"10:15:00","flight":"DL248"},{"day":3,"utc":"08:33:00","flight":"DL792"},{"day":3,"utc":"10:56:00","flight":"DL275"},{"day":4,"utc":"10:21:00","flight":"DL683"},{"day":4,"utc":"22:53:00","flight":"DL617"},{"day":5,"utc":"05:17:00","flight":"DL750"},{"day":5,"utc":"19:22:00","flight":"DL063"},{"day":5,"utc":"14:32:00","flight":"DL038"},{"day":6,"utc":"18:51:00","flight":"DL182"},{"day":6,"utc":"11:13:00","flight":"DL572"},{"day":6,"utc":"08:01:00","flight":"DL690"},{"day":6,"utc":"05:15:00","flight":"DL781"}]}