{"id":58983,"type":"route","airline":"US","airlineid":"airline_5265","sourceairport":"DCA","destinationairport":"PBI","stops":0,"equipment":"E75 E70","schedule":[{"day":0,"utc":"01:42:00","flight":"US955"},{"day":0,"utc":"12:21:00","flight":"US739"},{"day":0,"utc":"07:46:00","flight":"US216"},{"day":0,"utc":"18:50:00","flight":"US653"},{"day":1,"utc":"14:53:00","flight":"US168"},{"day":1,"utc":"17:51:00","flight":"US476"},{"day":1,"utc":"10:47:00","flight":"US232"},{"day":2,"utc":"14:40:00","flight":"US613"},{"day":2,"utc":"17:05:00","flight":"US841"},{"day":2,"utc":"12:09:00","flight":"US933"},{"day":3,"utc":"05:40:00","flight":"US842"},{"day":4,"utc":"10:00:00","flight":"US628"},{"day":4,"utc":"10:10:00","flight":"US855"},{"day":4,"utc":"13:27:00","flight":"US191"},{"day":4,"utc":"01:25:00","flight":"US258"},{"day":4,"utc":"10:35:00","flight":"US019"},{"day":5,"utc":"13:04:00","flight":"US822"},{"day":6,"utc":"09:21:00","flight":"US448"}]}