{"id":14805,"type":"route","airline":"BA","airlineid":"airline_1355","sourceairport":"MAH","destinationairport":"LCY","stops":0,"equipment":"E90","schedule":[{"day":0,"utc":"20:39:00","flight":"BA864"},{"day":1,"utc":"00:45:00","flight":"BA115"},{"day":1,"utc":"13:16:00","flight":"BA978"},{"day":2,"utc":"04:29:00","flight":"BA536"},{"day":2,"utc":"12:25:00","flight":"BA826"},{"day":2,"utc":"05:30:00","flight":"BA629"},{"day":2,"utc":"09:06:00","flight":"BA301"},{"day":3,"utc":"16:43:00","flight":"BA573"},{"day":3,"utc":"01:00:00","flight":"BA541"},{"day":4,"utc":"16:13:00","flight":"BA104"},{"day":4,"utc":"23:52:00","flight":"BA495"},{"day":4,"utc":"00:39:00","flight":"BA563"},{"day":5,"utc":"08:51:00","flight":"BA271"},{"day":5,"utc":"16:42:00","flight":"BA291"},{"day":5,"utc":"04:26:00","flight":"BA700"},{"day":5,"utc":"19:43:00","flight":"BA450"},{"day":5,"utc":"02:16:00","flight":"BA544"},{"day":6,"utc":"18:44:00","flight":"BA393"},{"day":6,"utc":"04:09:00","flight":"BA643"}]}