{"id":35565,"type":"route","airline":"K5","airlineid":"airline_10765","sourceairport":"SAN","destinationairport":"IPL","stops":0,"equipment":"CNC","schedule":[{"day":0,"utc":"00:42:00","flight":"K5325"},{"day":0,"utc":"12:36:00","flight":"K5323"},{"day":1,"utc":"23:31:00","flight":"K5093"},{"day":1,"utc":"20:15:00","flight":"K5381"},{"day":1,"utc":"09:57:00","flight":"K5320"},{"day":1,"utc":"00:23:00","flight":"K5054"},{"day":2,"utc":"15:51:00","flight":"K5751"},{"day":2,"utc":"00:07:00","flight":"K5350"},{"day":2,"utc":"07:25:00","flight":"K5947"},{"day":2,"utc":"03:45:00","flight":"K5253"},{"day":2,"utc":"12:22:00","flight":"K5129"},{"day":3,"utc":"14:43:00","flight":"K5744"},{"day":4,"utc":"06:56:00","flight":"K5442"},{"day":4,"utc":"12:20:00","flight":"K5583"},{"day":4,"utc":"22:51:00","flight":"K5813"},{"day":4,"utc":"17:31:00","flight":"K5179"},{"day":5,"utc":"21:02:00","flight":"K5684"},{"day":6,"utc":"20:18:00","flight":"K5049"},{"day":6,"utc":"11:03:00","flight":"K5032"}]}