{"id":50642,"type":"route","airline":"SS","airlineid":"airline_1908","sourceairport":"ORY","destinationairport":"SXM","stops":0,"equipment":"332","schedule":[{"day":0,"utc":"02:58:00","flight":"SS006"},{"day":1,"utc":"14:30:00","flight":"SS061"},{"day":1,"utc":"02:02:00","flight":"SS769"},{"day":2,"utc":"11:02:00","flight":"SS311"},{"day":2,"utc":"17:07:00","flight":"SS228"},{"day":2,"utc":"10:53:00","flight":"SS098"},{"day":2,"utc":"19:35:00","flight":"SS179"},{"day":2,"utc":"22:40:00","flight":"SS374"},{"day":3,"utc":"11:20:00","flight":"SS029"},{"day":3,"utc":"06:43:00","flight":"SS464"},{"day":4,"utc":"22:21:00","flight":"SS077"},{"day":4,"utc":"20:52:00","flight":"SS712"},{"day":4,"utc":"03:58:00","flight":"SS499"},{"day":4,"utc":"10:27:00","flight":"SS452"},{"day":4,"utc":"01:15:00","flight":"SS826"},{"day":5,"utc":"22:58:00","flight":"SS015"},{"day":5,"utc":"03:02:00","flight":"SS299"},{"day":6,"utc":"18:52:00","flight":"SS297"}]}