{"id":19747,"type":"route","airline":"DE","airlineid":"airline_1868","sourceairport":"FRA","destinationairport":"SEA","stops":0,"equipment":"767","schedule":[{"day":0,"utc":"09:05:00","flight":"DE008"},{"day":0,"utc":"13:55:00","flight":"DE497"},{"day":1,"utc":"21:58:00","flight":"DE479"},{"day":1,"utc":"08:15:00","flight":"DE503"},{"day":2,"utc":"10:07:00","flight":"DE170"},{"day":3,"utc":"09:04:00","flight":"DE456"},{"day":3,"utc":"10:31:00","flight":"DE969"},{"day":4,"utc":"01:39:00","flight":"DE721"},{"day":4,"utc":"06:50:00","flight":"DE242"},{"day":4,"utc":"00:00:00","flight":"DE303"},{"day":4,"utc":"12:10:00","flight":"DE783"},{"day":4,"utc":"07:34:00","flight":"DE042"},{"day":5,"utc":"15:22:00","flight":"DE026"},{"day":5,"utc":"07:42:00","flight":"DE415"},{"day":5,"utc":"18:20:00","flight":"DE531"},{"day":5,"utc":"23:14:00","flight":"DE913"},{"day":5,"utc":"22:55:00","flight":"DE067"},{"day":6,"utc":"11:42:00","flight":"DE622"},{"day":6,"utc":"12:24:00","flight":"DE049"},{"day":6,"utc":"17:02:00","flight":"DE942"},{"day":6,"utc":"19:10:00","flight":"DE481"},{"day":6,"utc":"08:38:00","flight":"DE377"}]}