{"id":27361,"type":"route","airline":"FR","airlineid":"airline_4296","sourceairport":"MRS","destinationairport":"STN","stops":0,"equipment":"738","schedule":[{"day":0,"utc":"05:33:00","flight":"FR224"},{"day":0,"utc":"08:29:00","flight":"FR412"},{"day":0,"utc":"09:44:00","flight":"FR218"},{"day":0,"utc":"04:27:00","flight":"FR219"},{"day":1,"utc":"13:47:00","flight":"FR742"},{"day":1,"utc":"13:42:00","flight":"FR219"},{"day":1,"utc":"05:45:00","flight":"FR304"},{"day":1,"utc":"03:15:00","flight":"FR281"},{"day":2,"utc":"09:28:00","flight":"FR910"},{"day":2,"utc":"05:38:00","flight":"FR563"},{"day":2,"utc":"23:25:00","flight":"FR404"},{"day":3,"utc":"15:12:00","flight":"FR269"},{"day":4,"utc":"11:49:00","flight":"FR608"},{"day":5,"utc":"14:47:00","flight":"FR105"},{"day":6,"utc":"22:55:00","flight":"FR575"}]}