{"id":20738,"type":"route","airline":"DL","airlineid":"airline_2009","sourceairport":"FCA","destinationairport":"MSP","stops":0,"equipment":"E75 CR9","schedule":[{"day":0,"utc":"22:04:00","flight":"DL764"},{"day":0,"utc":"16:19:00","flight":"DL461"},{"day":0,"utc":"03:01:00","flight":"DL756"},{"day":1,"utc":"15:54:00","flight":"DL230"},{"day":1,"utc":"07:10:00","flight":"DL798"},{"day":1,"utc":"14:56:00","flight":"DL467"},{"day":2,"utc":"06:58:00","flight":"DL973"},{"day":3,"utc":"02:13:00","flight":"DL703"},{"day":3,"utc":"17:38:00","flight":"DL063"},{"day":4,"utc":"02:10:00","flight":"DL364"},{"day":4,"utc":"04:47:00","flight":"DL969"},{"day":4,"utc":"02:04:00","flight":"DL773"},{"day":4,"utc":"21:07:00","flight":"DL356"},{"day":5,"utc":"19:35:00","flight":"DL355"},{"day":5,"utc":"12:18:00","flight":"DL234"},{"day":6,"utc":"14:04:00","flight":"DL006"},{"day":6,"utc":"10:37:00","flight":"DL872"},{"day":6,"utc":"12:46:00","flight":"DL833"}]}