{"id":12463,"type":"route","airline":"AV","airlineid":"airline_515","sourceairport":"MCO","destinationairport":"SAL","stops":0,"equipment":"E90","schedule":[{"day":0,"utc":"14:22:00","flight":"AV671"},{"day":0,"utc":"05:55:00","flight":"AV848"},{"day":0,"utc":"05:42:00","flight":"AV749"},{"day":0,"utc":"20:35:00","flight":"AV553"},{"day":1,"utc":"07:47:00","flight":"AV933"},{"day":2,"utc":"03:02:00","flight":"AV124"},{"day":2,"utc":"13:31:00","flight":"AV197"},{"day":2,"utc":"03:04:00","flight":"AV913"},{"day":3,"utc":"07:20:00","flight":"AV165"},{"day":3,"utc":"10:23:00","flight":"AV097"},{"day":3,"utc":"15:31:00","flight":"AV075"},{"day":3,"utc":"14:29:00","flight":"AV591"},{"day":3,"utc":"20:03:00","flight":"AV114"},{"day":4,"utc":"04:10:00","flight":"AV199"},{"day":5,"utc":"23:27:00","flight":"AV381"},{"day":5,"utc":"22:00:00","flight":"AV582"},{"day":5,"utc":"17:57:00","flight":"AV537"},{"day":5,"utc":"00:29:00","flight":"AV478"},{"day":5,"utc":"16:09:00","flight":"AV545"},{"day":6,"utc":"07:59:00","flight":"AV838"},{"day":6,"utc":"17:07:00","flight":"AV823"}]}