{"id":20152,"type":"route","airline":"DL","airlineid":"airline_2009","sourceairport":"ATL","destinationairport":"IAH","stops":0,"equipment":"M88 717 320 319","schedule":[{"day":0,"utc":"16:04:00","flight":"DL695"},{"day":0,"utc":"21:00:00","flight":"DL925"},{"day":0,"utc":"04:46:00","flight":"DL076"},{"day":0,"utc":"07:39:00","flight":"DL925"},{"day":1,"utc":"01:04:00","flight":"DL128"},{"day":1,"utc":"22:30:00","flight":"DL159"},{"day":2,"utc":"21:06:00","flight":"DL931"},{"day":2,"utc":"21:20:00","flight":"DL191"},{"day":3,"utc":"20:48:00","flight":"DL384"},{"day":3,"utc":"06:55:00","flight":"DL626"},{"day":3,"utc":"06:03:00","flight":"DL181"},{"day":3,"utc":"04:53:00","flight":"DL718"},{"day":3,"utc":"05:03:00","flight":"DL951"},{"day":4,"utc":"23:18:00","flight":"DL191"},{"day":4,"utc":"06:35:00","flight":"DL662"},{"day":4,"utc":"17:16:00","flight":"DL957"},{"day":4,"utc":"21:40:00","flight":"DL602"},{"day":4,"utc":"17:43:00","flight":"DL485"},{"day":5,"utc":"15:52:00","flight":"DL860"},{"day":5,"utc":"09:51:00","flight":"DL103"},{"day":5,"utc":"12:46:00","flight":"DL649"},{"day":5,"utc":"03:17:00","flight":"DL342"},{"day":6,"utc":"02:01:00","flight":"DL840"}]}