{"id":22857,"type":"route","airline":"EI","airlineid":"airline_837","sourceairport":"BHD","destinationairport":"LGW","stops":0,"equipment":"320 319","schedule":[{"day":0,"utc":"23:54:00","flight":"EI216"},{"day":0,"utc":"11:32:00","flight":"EI513"},{"day":0,"utc":"16:43:00","flight":"EI266"},{"day":1,"utc":"12:34:00","flight":"EI802"},{"day":1,"utc":"03:53:00","flight":"EI011"},{"day":2,"utc":"08:58:00","flight":"EI675"},{"day":3,"utc":"12:23:00","flight":"EI513"},{"day":3,"utc":"10:37:00","flight":"EI055"},{"day":4,"utc":"16:39:00","flight":"EI406"},{"day":4,"utc":"07:46:00","flight":"EI690"},{"day":5,"utc":"16:46:00","flight":"EI974"},{"day":5,"utc":"12:41:00","flight":"EI633"},{"day":5,"utc":"13:42:00","flight":"EI484"},{"day":5,"utc":"03:09:00","flight":"EI589"},{"day":6,"utc":"17:41:00","flight":"EI670"},{"day":6,"utc":"21:19:00","flight":"EI404"},{"day":6,"utc":"17:09:00","flight":"EI484"},{"day":6,"utc":"03:22:00","flight":"EI663"}]}