{"id":6935,"type":"route","airline":"AA","airlineid":"airline_24","sourceairport":"UIO","destinationairport":"MIA","stops":0,"equipment":"757","schedule":[{"day":0,"utc":"22:28:00","flight":"AA577"},{"day":0,"utc":"07:09:00","flight":"AA806"},{"day":1,"utc":"08:54:00","flight":"AA214"},{"day":1,"utc":"06:59:00","flight":"AA871"},{"day":1,"utc":"02:09:00","flight":"AA806"},{"day":1,"utc":"22:13:00","flight":"AA321"},{"day":2,"utc":"14:29:00","flight":"AA611"},{"day":2,"utc":"07:23:00","flight":"AA110"},{"day":2,"utc":"00:41:00","flight":"AA802"},{"day":3,"utc":"02:27:00","flight":"AA898"},{"day":3,"utc":"13:52:00","flight":"AA453"},{"day":4,"utc":"10:03:00","flight":"AA501"},{"day":5,"utc":"14:46:00","flight":"AA074"},{"day":6,"utc":"14:53:00","flight":"AA063"},{"day":6,"utc":"12:57:00","flight":"AA331"},{"day":6,"utc":"18:34:00","flight":"AA318"}]}