{"id":20389,"type":"route","airline":"DL","airlineid":"airline_2009","sourceairport":"CAE","destinationairport":"DTW","stops":0,"equipment":"CRJ","schedule":[{"day":0,"utc":"03:28:00","flight":"DL913"},{"day":1,"utc":"13:37:00","flight":"DL325"},{"day":1,"utc":"06:42:00","flight":"DL152"},{"day":1,"utc":"00:22:00","flight":"DL216"},{"day":2,"utc":"22:49:00","flight":"DL321"},{"day":2,"utc":"13:35:00","flight":"DL553"},{"day":2,"utc":"05:28:00","flight":"DL054"},{"day":2,"utc":"18:48:00","flight":"DL471"},{"day":2,"utc":"03:52:00","flight":"DL761"},{"day":3,"utc":"10:08:00","flight":"DL605"},{"day":4,"utc":"04:38:00","flight":"DL876"},{"day":4,"utc":"09:58:00","flight":"DL117"},{"day":4,"utc":"02:44:00","flight":"DL022"},{"day":4,"utc":"19:36:00","flight":"DL216"},{"day":4,"utc":"01:57:00","flight":"DL871"},{"day":5,"utc":"10:15:00","flight":"DL242"},{"day":5,"utc":"00:44:00","flight":"DL200"},{"day":5,"utc":"12:27:00","flight":"DL604"},{"day":5,"utc":"18:08:00","flight":"DL159"},{"day":5,"utc":"17:15:00","flight":"DL262"},{"day":6,"utc":"11:42:00","flight":"DL719"}]}