{"id":14639,"type":"route","airline":"BA","airlineid":"airline_1355","sourceairport":"LGW","destinationairport":"LCA","stops":0,"equipment":"320","schedule":[{"day":0,"utc":"01:53:00","flight":"BA541"},{"day":0,"utc":"16:33:00","flight":"BA089"},{"day":0,"utc":"07:10:00","flight":"BA309"},{"day":0,"utc":"22:22:00","flight":"BA557"},{"day":0,"utc":"18:44:00","flight":"BA929"},{"day":1,"utc":"14:08:00","flight":"BA979"},{"day":1,"utc":"14:27:00","flight":"BA063"},{"day":2,"utc":"01:03:00","flight":"BA801"},{"day":2,"utc":"03:44:00","flight":"BA893"},{"day":3,"utc":"20:55:00","flight":"BA506"},{"day":3,"utc":"10:09:00","flight":"BA450"},{"day":4,"utc":"09:09:00","flight":"BA604"},{"day":4,"utc":"03:17:00","flight":"BA591"},{"day":4,"utc":"00:56:00","flight":"BA155"},{"day":5,"utc":"17:13:00","flight":"BA951"},{"day":5,"utc":"15:53:00","flight":"BA829"},{"day":5,"utc":"08:23:00","flight":"BA583"},{"day":5,"utc":"02:50:00","flight":"BA352"},{"day":6,"utc":"10:21:00","flight":"BA298"},{"day":6,"utc":"09:26:00","flight":"BA989"},{"day":6,"utc":"12:42:00","flight":"BA199"},{"day":6,"utc":"11:21:00","flight":"BA022"}]}