{"id":5269,"type":"route","airline":"AA","airlineid":"airline_24","sourceairport":"DFW","destinationairport":"MLM","stops":0,"equipment":"ER4","schedule":[{"day":0,"utc":"17:23:00","flight":"AA176"},{"day":1,"utc":"07:35:00","flight":"AA852"},{"day":1,"utc":"05:24:00","flight":"AA846"},{"day":1,"utc":"18:02:00","flight":"AA960"},{"day":1,"utc":"14:37:00","flight":"AA063"},{"day":2,"utc":"13:10:00","flight":"AA351"},{"day":2,"utc":"19:08:00","flight":"AA079"},{"day":3,"utc":"16:53:00","flight":"AA864"},{"day":3,"utc":"11:19:00","flight":"AA876"},{"day":3,"utc":"14:55:00","flight":"AA012"},{"day":3,"utc":"10:50:00","flight":"AA853"},{"day":3,"utc":"04:56:00","flight":"AA284"},{"day":4,"utc":"11:44:00","flight":"AA577"},{"day":5,"utc":"06:16:00","flight":"AA555"},{"day":5,"utc":"20:12:00","flight":"AA495"},{"day":5,"utc":"07:01:00","flight":"AA630"},{"day":5,"utc":"05:17:00","flight":"AA683"},{"day":6,"utc":"13:23:00","flight":"AA253"},{"day":6,"utc":"19:14:00","flight":"AA942"},{"day":6,"utc":"22:31:00","flight":"AA939"}]}