{"id":64079,"type":"route","airline":"WN","airlineid":"airline_4547","sourceairport":"MDW","destinationairport":"ALB","stops":0,"equipment":"73H 73W","schedule":[{"day":0,"utc":"22:50:00","flight":"WN014"},{"day":0,"utc":"18:51:00","flight":"WN989"},{"day":0,"utc":"11:36:00","flight":"WN932"},{"day":1,"utc":"16:45:00","flight":"WN025"},{"day":1,"utc":"13:09:00","flight":"WN003"},{"day":2,"utc":"09:00:00","flight":"WN887"},{"day":3,"utc":"14:24:00","flight":"WN690"},{"day":3,"utc":"13:42:00","flight":"WN166"},{"day":3,"utc":"05:52:00","flight":"WN981"},{"day":4,"utc":"12:24:00","flight":"WN242"},{"day":4,"utc":"16:54:00","flight":"WN990"},{"day":4,"utc":"20:05:00","flight":"WN369"},{"day":4,"utc":"16:43:00","flight":"WN906"},{"day":5,"utc":"10:08:00","flight":"WN334"},{"day":5,"utc":"07:17:00","flight":"WN197"},{"day":5,"utc":"21:50:00","flight":"WN613"},{"day":6,"utc":"14:55:00","flight":"WN318"},{"day":6,"utc":"11:08:00","flight":"WN226"}]}