{"id":32590,"type":"route","airline":"IB","airlineid":"airline_2822","sourceairport":"LHR","destinationairport":"AUS","stops":0,"equipment":"788","schedule":[{"day":0,"utc":"17:09:00","flight":"IB330"},{"day":0,"utc":"22:26:00","flight":"IB165"},{"day":1,"utc":"19:43:00","flight":"IB511"},{"day":1,"utc":"10:30:00","flight":"IB151"},{"day":1,"utc":"10:10:00","flight":"IB908"},{"day":2,"utc":"10:59:00","flight":"IB270"},{"day":2,"utc":"16:00:00","flight":"IB531"},{"day":2,"utc":"12:17:00","flight":"IB778"},{"day":3,"utc":"15:46:00","flight":"IB015"},{"day":3,"utc":"23:37:00","flight":"IB906"},{"day":4,"utc":"03:52:00","flight":"IB770"},{"day":4,"utc":"03:05:00","flight":"IB838"},{"day":4,"utc":"20:43:00","flight":"IB744"},{"day":5,"utc":"07:48:00","flight":"IB863"},{"day":5,"utc":"04:23:00","flight":"IB808"},{"day":5,"utc":"18:54:00","flight":"IB714"},{"day":5,"utc":"17:13:00","flight":"IB049"},{"day":5,"utc":"05:57:00","flight":"IB397"},{"day":6,"utc":"20:37:00","flight":"IB096"},{"day":6,"utc":"23:29:00","flight":"IB018"},{"day":6,"utc":"16:53:00","flight":"IB735"},{"day":6,"utc":"00:40:00","flight":"IB884"},{"day":6,"utc":"12:07:00","flight":"IB075"}]}