{"id":26864,"type":"route","airline":"FR","airlineid":"airline_4296","sourceairport":"GDN","destinationairport":"EDI","stops":0,"equipment":"738","schedule":[{"day":0,"utc":"18:55:00","flight":"FR809"},{"day":0,"utc":"19:36:00","flight":"FR045"},{"day":0,"utc":"13:28:00","flight":"FR921"},{"day":1,"utc":"23:58:00","flight":"FR817"},{"day":1,"utc":"09:15:00","flight":"FR090"},{"day":1,"utc":"05:46:00","flight":"FR351"},{"day":1,"utc":"09:28:00","flight":"FR546"},{"day":1,"utc":"09:32:00","flight":"FR457"},{"day":2,"utc":"22:42:00","flight":"FR735"},{"day":2,"utc":"21:06:00","flight":"FR996"},{"day":2,"utc":"21:06:00","flight":"FR070"},{"day":3,"utc":"08:05:00","flight":"FR455"},{"day":3,"utc":"13:46:00","flight":"FR807"},{"day":4,"utc":"18:40:00","flight":"FR876"},{"day":4,"utc":"09:28:00","flight":"FR438"},{"day":4,"utc":"15:58:00","flight":"FR946"},{"day":4,"utc":"21:56:00","flight":"FR514"},{"day":5,"utc":"00:53:00","flight":"FR073"},{"day":5,"utc":"15:41:00","flight":"FR068"},{"day":5,"utc":"07:33:00","flight":"FR541"},{"day":5,"utc":"15:27:00","flight":"FR887"},{"day":6,"utc":"11:23:00","flight":"FR623"},{"day":6,"utc":"14:51:00","flight":"FR293"}]}