{"id":59442,"type":"route","airline":"US","airlineid":"airline_5265","sourceairport":"JFK","destinationairport":"MAN","stops":0,"equipment":"757","schedule":[{"day":0,"utc":"11:18:00","flight":"US291"},{"day":0,"utc":"10:31:00","flight":"US655"},{"day":0,"utc":"00:45:00","flight":"US484"},{"day":1,"utc":"16:45:00","flight":"US435"},{"day":2,"utc":"07:31:00","flight":"US703"},{"day":3,"utc":"01:30:00","flight":"US859"},{"day":3,"utc":"15:56:00","flight":"US849"},{"day":4,"utc":"17:25:00","flight":"US601"},{"day":5,"utc":"19:27:00","flight":"US797"},{"day":6,"utc":"12:53:00","flight":"US620"},{"day":6,"utc":"02:15:00","flight":"US882"}]}