{"id":21908,"type":"route","airline":"DL","airlineid":"airline_2009","sourceairport":"TLV","destinationairport":"JFK","stops":0,"equipment":"744","schedule":[{"day":0,"utc":"01:10:00","flight":"DL958"},{"day":0,"utc":"03:42:00","flight":"DL922"},{"day":1,"utc":"01:54:00","flight":"DL049"},{"day":1,"utc":"10:04:00","flight":"DL380"},{"day":1,"utc":"01:08:00","flight":"DL979"},{"day":1,"utc":"22:36:00","flight":"DL261"},{"day":2,"utc":"20:19:00","flight":"DL395"},{"day":2,"utc":"23:36:00","flight":"DL759"},{"day":2,"utc":"09:55:00","flight":"DL430"},{"day":3,"utc":"14:13:00","flight":"DL685"},{"day":3,"utc":"13:12:00","flight":"DL039"},{"day":4,"utc":"08:58:00","flight":"DL804"},{"day":4,"utc":"18:40:00","flight":"DL746"},{"day":5,"utc":"14:22:00","flight":"DL690"},{"day":5,"utc":"03:09:00","flight":"DL004"},{"day":5,"utc":"06:32:00","flight":"DL144"},{"day":6,"utc":"14:09:00","flight":"DL555"},{"day":6,"utc":"15:20:00","flight":"DL589"},{"day":6,"utc":"22:37:00","flight":"DL169"}]}