{"id":24767,"type":"route","airline":"FI","airlineid":"airline_2835","sourceairport":"LGW","destinationairport":"KEF","stops":0,"equipment":"75W","schedule":[{"day":0,"utc":"07:27:00","flight":"FI406"},{"day":0,"utc":"11:57:00","flight":"FI127"},{"day":0,"utc":"17:58:00","flight":"FI568"},{"day":0,"utc":"03:04:00","flight":"FI709"},{"day":1,"utc":"10:10:00","flight":"FI187"},{"day":1,"utc":"07:22:00","flight":"FI951"},{"day":1,"utc":"15:34:00","flight":"FI793"},{"day":1,"utc":"17:27:00","flight":"FI832"},{"day":1,"utc":"18:36:00","flight":"FI252"},{"day":2,"utc":"08:17:00","flight":"FI327"},{"day":2,"utc":"15:41:00","flight":"FI074"},{"day":2,"utc":"00:42:00","flight":"FI647"},{"day":2,"utc":"23:36:00","flight":"FI283"},{"day":3,"utc":"06:52:00","flight":"FI382"},{"day":4,"utc":"01:54:00","flight":"FI686"},{"day":4,"utc":"12:12:00","flight":"FI244"},{"day":4,"utc":"18:51:00","flight":"FI540"},{"day":4,"utc":"13:30:00","flight":"FI625"},{"day":5,"utc":"00:53:00","flight":"FI134"},{"day":5,"utc":"19:22:00","flight":"FI296"},{"day":5,"utc":"17:34:00","flight":"FI979"},{"day":5,"utc":"07:13:00","flight":"FI285"},{"day":5,"utc":"07:18:00","flight":"FI012"},{"day":6,"utc":"13:58:00","flight":"FI858"},{"day":6,"utc":"18:03:00","flight":"FI580"},{"day":6,"utc":"21:32:00","flight":"FI880"}]}