{"id":5202,"type":"route","airline":"AA","airlineid":"airline_24","sourceairport":"DFW","destinationairport":"DCA","stops":0,"equipment":"738 M80","schedule":[{"day":0,"utc":"19:32:00","flight":"AA980"},{"day":0,"utc":"15:46:00","flight":"AA486"},{"day":0,"utc":"01:50:00","flight":"AA384"},{"day":1,"utc":"01:02:00","flight":"AA612"},{"day":1,"utc":"15:46:00","flight":"AA958"},{"day":2,"utc":"11:52:00","flight":"AA208"},{"day":2,"utc":"06:56:00","flight":"AA665"},{"day":3,"utc":"17:46:00","flight":"AA027"},{"day":4,"utc":"05:27:00","flight":"AA620"},{"day":4,"utc":"20:08:00","flight":"AA643"},{"day":4,"utc":"04:53:00","flight":"AA840"},{"day":4,"utc":"03:58:00","flight":"AA566"},{"day":5,"utc":"02:51:00","flight":"AA000"},{"day":5,"utc":"04:06:00","flight":"AA466"},{"day":5,"utc":"09:31:00","flight":"AA391"},{"day":6,"utc":"21:43:00","flight":"AA484"}]}