{"id":36351,"type":"route","airline":"KL","airlineid":"airline_3090","sourceairport":"ATL","destinationairport":"DAB","stops":0,"equipment":"M90 757","schedule":[{"day":0,"utc":"08:35:00","flight":"KL298"},{"day":0,"utc":"21:31:00","flight":"KL378"},{"day":1,"utc":"03:16:00","flight":"KL145"},{"day":1,"utc":"03:39:00","flight":"KL012"},{"day":2,"utc":"16:01:00","flight":"KL494"},{"day":2,"utc":"15:22:00","flight":"KL926"},{"day":3,"utc":"06:40:00","flight":"KL235"},{"day":4,"utc":"11:33:00","flight":"KL097"},{"day":4,"utc":"11:43:00","flight":"KL889"},{"day":4,"utc":"15:14:00","flight":"KL254"},{"day":4,"utc":"10:08:00","flight":"KL133"},{"day":5,"utc":"13:55:00","flight":"KL623"},{"day":5,"utc":"02:48:00","flight":"KL291"},{"day":6,"utc":"21:37:00","flight":"KL959"},{"day":6,"utc":"18:08:00","flight":"KL189"}]}