{"id":27239,"type":"route","airline":"FR","airlineid":"airline_4296","sourceairport":"MAD","destinationairport":"MRS","stops":0,"equipment":"738","schedule":[{"day":0,"utc":"15:53:00","flight":"FR089"},{"day":0,"utc":"00:29:00","flight":"FR201"},{"day":0,"utc":"15:19:00","flight":"FR273"},{"day":1,"utc":"09:42:00","flight":"FR385"},{"day":1,"utc":"00:30:00","flight":"FR574"},{"day":2,"utc":"01:01:00","flight":"FR642"},{"day":2,"utc":"17:40:00","flight":"FR800"},{"day":2,"utc":"22:03:00","flight":"FR412"},{"day":2,"utc":"11:17:00","flight":"FR090"},{"day":2,"utc":"18:29:00","flight":"FR469"},{"day":3,"utc":"15:21:00","flight":"FR342"},{"day":3,"utc":"17:54:00","flight":"FR459"},{"day":3,"utc":"23:55:00","flight":"FR026"},{"day":3,"utc":"22:49:00","flight":"FR897"},{"day":3,"utc":"22:56:00","flight":"FR968"},{"day":4,"utc":"20:51:00","flight":"FR699"},{"day":4,"utc":"05:35:00","flight":"FR636"},{"day":4,"utc":"10:11:00","flight":"FR037"},{"day":4,"utc":"21:37:00","flight":"FR181"},{"day":5,"utc":"09:04:00","flight":"FR846"},{"day":5,"utc":"13:11:00","flight":"FR286"},{"day":5,"utc":"19:19:00","flight":"FR396"},{"day":5,"utc":"02:04:00","flight":"FR471"},{"day":5,"utc":"15:59:00","flight":"FR551"},{"day":6,"utc":"13:07:00","flight":"FR679"},{"day":6,"utc":"19:32:00","flight":"FR606"},{"day":6,"utc":"03:05:00","flight":"FR617"},{"day":6,"utc":"14:01:00","flight":"FR120"}]}