{"id":25146,"type":"route","airline":"FL","airlineid":"airline_1316","sourceairport":"LAS","destinationairport":"BUR","stops":0,"equipment":"73W","schedule":[{"day":0,"utc":"04:45:00","flight":"FL598"},{"day":0,"utc":"01:02:00","flight":"FL723"},{"day":0,"utc":"20:50:00","flight":"FL399"},{"day":0,"utc":"01:03:00","flight":"FL046"},{"day":0,"utc":"23:42:00","flight":"FL321"},{"day":1,"utc":"04:38:00","flight":"FL419"},{"day":1,"utc":"09:36:00","flight":"FL550"},{"day":1,"utc":"09:30:00","flight":"FL986"},{"day":1,"utc":"15:36:00","flight":"FL924"},{"day":1,"utc":"09:07:00","flight":"FL014"},{"day":2,"utc":"16:41:00","flight":"FL854"},{"day":2,"utc":"18:01:00","flight":"FL116"},{"day":2,"utc":"09:38:00","flight":"FL483"},{"day":2,"utc":"17:13:00","flight":"FL151"},{"day":3,"utc":"11:35:00","flight":"FL427"},{"day":3,"utc":"09:14:00","flight":"FL921"},{"day":3,"utc":"01:01:00","flight":"FL131"},{"day":3,"utc":"09:01:00","flight":"FL760"},{"day":4,"utc":"20:23:00","flight":"FL816"},{"day":4,"utc":"19:31:00","flight":"FL439"},{"day":4,"utc":"15:17:00","flight":"FL520"},{"day":5,"utc":"07:21:00","flight":"FL459"},{"day":6,"utc":"07:54:00","flight":"FL688"},{"day":6,"utc":"19:33:00","flight":"FL184"},{"day":6,"utc":"01:15:00","flight":"FL313"}]}