{"id":53132,"type":"route","airline":"TO","airlineid":"airline_8745","sourceairport":"FUE","destinationairport":"EMA","stops":0,"equipment":"73H","schedule":[{"day":0,"utc":"02:02:00","flight":"TO781"},{"day":1,"utc":"13:36:00","flight":"TO945"},{"day":2,"utc":"01:41:00","flight":"TO904"},{"day":3,"utc":"15:37:00","flight":"TO141"},{"day":4,"utc":"07:46:00","flight":"TO064"},{"day":4,"utc":"11:32:00","flight":"TO077"},{"day":4,"utc":"17:07:00","flight":"TO388"},{"day":4,"utc":"20:12:00","flight":"TO439"},{"day":4,"utc":"04:00:00","flight":"TO744"},{"day":5,"utc":"04:37:00","flight":"TO730"},{"day":5,"utc":"15:49:00","flight":"TO713"},{"day":5,"utc":"03:53:00","flight":"TO929"},{"day":5,"utc":"01:29:00","flight":"TO060"},{"day":5,"utc":"10:46:00","flight":"TO354"},{"day":6,"utc":"23:12:00","flight":"TO040"},{"day":6,"utc":"11:01:00","flight":"TO343"}]}