{"id":53510,"type":"route","airline":"TOM","airlineid":"airline_5013","sourceairport":"EXT","destinationairport":"PMI","stops":0,"equipment":"73H","schedule":[{"day":0,"utc":"19:28:00","flight":"TOM640"},{"day":0,"utc":"02:48:00","flight":"TOM563"},{"day":1,"utc":"06:23:00","flight":"TOM549"},{"day":1,"utc":"17:20:00","flight":"TOM719"},{"day":1,"utc":"09:31:00","flight":"TOM683"},{"day":1,"utc":"04:05:00","flight":"TOM233"},{"day":2,"utc":"05:01:00","flight":"TOM702"},{"day":2,"utc":"23:23:00","flight":"TOM489"},{"day":2,"utc":"10:27:00","flight":"TOM428"},{"day":2,"utc":"19:25:00","flight":"TOM856"},{"day":3,"utc":"19:03:00","flight":"TOM143"},{"day":3,"utc":"02:45:00","flight":"TOM309"},{"day":4,"utc":"23:36:00","flight":"TOM497"},{"day":4,"utc":"00:28:00","flight":"TOM162"},{"day":4,"utc":"09:27:00","flight":"TOM634"},{"day":4,"utc":"13:22:00","flight":"TOM892"},{"day":5,"utc":"05:11:00","flight":"TOM948"},{"day":5,"utc":"15:16:00","flight":"TOM913"},{"day":5,"utc":"03:51:00","flight":"TOM845"},{"day":5,"utc":"02:53:00","flight":"TOM930"},{"day":6,"utc":"04:43:00","flight":"TOM794"},{"day":6,"utc":"03:56:00","flight":"TOM428"},{"day":6,"utc":"20:14:00","flight":"TOM008"}]}