{"id":58906,"type":"route","airline":"US","airlineid":"airline_5265","sourceairport":"CUN","destinationairport":"MIA","stops":0,"equipment":"738","schedule":[{"day":0,"utc":"23:20:00","flight":"US828"},{"day":0,"utc":"02:41:00","flight":"US130"},{"day":0,"utc":"06:46:00","flight":"US700"},{"day":0,"utc":"12:25:00","flight":"US649"},{"day":1,"utc":"04:12:00","flight":"US838"},{"day":2,"utc":"20:14:00","flight":"US949"},{"day":2,"utc":"06:11:00","flight":"US692"},{"day":2,"utc":"04:51:00","flight":"US346"},{"day":3,"utc":"11:57:00","flight":"US100"},{"day":3,"utc":"01:17:00","flight":"US978"},{"day":3,"utc":"11:32:00","flight":"US464"},{"day":3,"utc":"09:10:00","flight":"US024"},{"day":3,"utc":"10:36:00","flight":"US445"},{"day":4,"utc":"15:45:00","flight":"US009"},{"day":4,"utc":"22:28:00","flight":"US011"},{"day":4,"utc":"04:21:00","flight":"US034"},{"day":4,"utc":"11:11:00","flight":"US103"},{"day":4,"utc":"05:16:00","flight":"US599"},{"day":5,"utc":"18:03:00","flight":"US660"},{"day":5,"utc":"05:58:00","flight":"US539"},{"day":5,"utc":"21:27:00","flight":"US743"},{"day":6,"utc":"23:02:00","flight":"US463"},{"day":6,"utc":"16:06:00","flight":"US121"},{"day":6,"utc":"14:05:00","flight":"US836"}]}