{"id":8379,"type":"route","airline":"AC","airlineid":"airline_330","sourceairport":"YYT","destinationairport":"LHR","stops":0,"equipment":"319","schedule":[{"day":0,"utc":"12:14:00","flight":"AC595"},{"day":0,"utc":"13:26:00","flight":"AC601"},{"day":0,"utc":"13:46:00","flight":"AC149"},{"day":1,"utc":"02:25:00","flight":"AC773"},{"day":1,"utc":"19:58:00","flight":"AC704"},{"day":1,"utc":"05:27:00","flight":"AC956"},{"day":1,"utc":"00:52:00","flight":"AC148"},{"day":2,"utc":"01:40:00","flight":"AC919"},{"day":2,"utc":"16:41:00","flight":"AC392"},{"day":2,"utc":"06:51:00","flight":"AC687"},{"day":2,"utc":"10:31:00","flight":"AC233"},{"day":3,"utc":"04:38:00","flight":"AC542"},{"day":3,"utc":"13:05:00","flight":"AC141"},{"day":3,"utc":"02:35:00","flight":"AC546"},{"day":3,"utc":"05:29:00","flight":"AC868"},{"day":3,"utc":"04:10:00","flight":"AC665"},{"day":4,"utc":"02:26:00","flight":"AC820"},{"day":4,"utc":"19:01:00","flight":"AC112"},{"day":4,"utc":"17:51:00","flight":"AC019"},{"day":4,"utc":"03:51:00","flight":"AC847"},{"day":4,"utc":"06:19:00","flight":"AC093"},{"day":5,"utc":"20:18:00","flight":"AC409"},{"day":5,"utc":"04:00:00","flight":"AC507"},{"day":5,"utc":"23:04:00","flight":"AC115"},{"day":6,"utc":"12:34:00","flight":"AC468"},{"day":6,"utc":"01:05:00","flight":"AC842"},{"day":6,"utc":"13:06:00","flight":"AC308"},{"day":6,"utc":"16:37:00","flight":"AC929"},{"day":6,"utc":"23:15:00","flight":"AC409"}]}