{"id":1452,"type":"route","airline":"4U","airlineid":"airline_2548","sourceairport":"HAM","destinationairport":"MAN","stops":0,"equipment":"CRJ","schedule":[{"day":0,"utc":"00:28:00","flight":"4U566"},{"day":0,"utc":"02:33:00","flight":"4U143"},{"day":1,"utc":"16:42:00","flight":"4U520"},{"day":2,"utc":"21:57:00","flight":"4U043"},{"day":2,"utc":"08:46:00","flight":"4U940"},{"day":2,"utc":"11:04:00","flight":"4U711"},{"day":2,"utc":"03:52:00","flight":"4U915"},{"day":2,"utc":"17:29:00","flight":"4U201"},{"day":3,"utc":"14:12:00","flight":"4U585"},{"day":3,"utc":"06:13:00","flight":"4U685"},{"day":3,"utc":"01:31:00","flight":"4U438"},{"day":3,"utc":"10:37:00","flight":"4U485"},{"day":3,"utc":"09:45:00","flight":"4U222"},{"day":4,"utc":"12:58:00","flight":"4U580"},{"day":5,"utc":"04:21:00","flight":"4U075"},{"day":5,"utc":"22:01:00","flight":"4U793"},{"day":6,"utc":"09:16:00","flight":"4U307"},{"day":6,"utc":"23:52:00","flight":"4U030"},{"day":6,"utc":"21:03:00","flight":"4U501"}]}