{"id":57669,"type":"route","airline":"UA","airlineid":"airline_5209","sourceairport":"SFO","destinationairport":"MOD","stops":0,"equipment":"EM2","schedule":[{"day":0,"utc":"22:52:00","flight":"UA710"},{"day":1,"utc":"16:31:00","flight":"UA731"},{"day":2,"utc":"21:15:00","flight":"UA339"},{"day":3,"utc":"07:37:00","flight":"UA153"},{"day":3,"utc":"01:34:00","flight":"UA066"},{"day":4,"utc":"19:56:00","flight":"UA836"},{"day":4,"utc":"05:28:00","flight":"UA532"},{"day":4,"utc":"15:41:00","flight":"UA085"},{"day":5,"utc":"23:37:00","flight":"UA013"},{"day":5,"utc":"00:07:00","flight":"UA281"},{"day":5,"utc":"19:28:00","flight":"UA112"},{"day":5,"utc":"20:44:00","flight":"UA916"},{"day":6,"utc":"17:32:00","flight":"UA614"},{"day":6,"utc":"00:16:00","flight":"UA788"},{"day":6,"utc":"02:22:00","flight":"UA901"},{"day":6,"utc":"12:02:00","flight":"UA151"},{"day":6,"utc":"03:33:00","flight":"UA139"}]}