{"id":39342,"type":"route","airline":"LS","airlineid":"airline_3026","sourceairport":"GLA","destinationairport":"TFS","stops":0,"equipment":"738 73H","schedule":[{"day":0,"utc":"04:05:00","flight":"LS188"},{"day":0,"utc":"18:46:00","flight":"LS442"},{"day":0,"utc":"23:30:00","flight":"LS626"},{"day":0,"utc":"00:18:00","flight":"LS180"},{"day":0,"utc":"23:07:00","flight":"LS514"},{"day":1,"utc":"00:20:00","flight":"LS930"},{"day":1,"utc":"19:45:00","flight":"LS636"},{"day":1,"utc":"08:42:00","flight":"LS596"},{"day":2,"utc":"19:49:00","flight":"LS128"},{"day":2,"utc":"01:09:00","flight":"LS937"},{"day":2,"utc":"07:15:00","flight":"LS416"},{"day":2,"utc":"06:35:00","flight":"LS796"},{"day":2,"utc":"18:54:00","flight":"LS720"},{"day":3,"utc":"19:16:00","flight":"LS744"},{"day":3,"utc":"08:49:00","flight":"LS592"},{"day":3,"utc":"18:13:00","flight":"LS355"},{"day":3,"utc":"15:26:00","flight":"LS924"},{"day":4,"utc":"19:39:00","flight":"LS172"},{"day":5,"utc":"04:35:00","flight":"LS344"},{"day":5,"utc":"21:49:00","flight":"LS439"},{"day":6,"utc":"13:07:00","flight":"LS180"},{"day":6,"utc":"10:35:00","flight":"LS461"},{"day":6,"utc":"07:52:00","flight":"LS673"},{"day":6,"utc":"21:37:00","flight":"LS613"},{"day":6,"utc":"00:28:00","flight":"LS019"}]}