{"id":61762,"type":"route","airline":"VS","airlineid":"airline_5347","sourceairport":"LGW","destinationairport":"UVF","stops":0,"equipment":"333","schedule":[{"day":0,"utc":"05:11:00","flight":"VS183"},{"day":0,"utc":"08:55:00","flight":"VS239"},{"day":1,"utc":"01:36:00","flight":"VS871"},{"day":1,"utc":"05:04:00","flight":"VS728"},{"day":1,"utc":"14:25:00","flight":"VS485"},{"day":2,"utc":"09:14:00","flight":"VS592"},{"day":2,"utc":"22:51:00","flight":"VS558"},{"day":2,"utc":"19:27:00","flight":"VS823"},{"day":3,"utc":"15:12:00","flight":"VS581"},{"day":3,"utc":"20:20:00","flight":"VS346"},{"day":3,"utc":"05:34:00","flight":"VS896"},{"day":3,"utc":"14:09:00","flight":"VS628"},{"day":3,"utc":"02:54:00","flight":"VS218"},{"day":4,"utc":"00:15:00","flight":"VS351"},{"day":4,"utc":"09:42:00","flight":"VS423"},{"day":4,"utc":"00:08:00","flight":"VS014"},{"day":5,"utc":"22:05:00","flight":"VS991"},{"day":5,"utc":"14:24:00","flight":"VS197"},{"day":6,"utc":"02:30:00","flight":"VS866"},{"day":6,"utc":"01:55:00","flight":"VS099"},{"day":6,"utc":"07:49:00","flight":"VS234"},{"day":6,"utc":"23:52:00","flight":"VS084"}]}