{"id":24500,"type":"route","airline":"F9","airlineid":"airline_2468","sourceairport":"RSW","destinationairport":"ILG","stops":0,"equipment":"320","schedule":[{"day":0,"utc":"06:59:00","flight":"F9558"},{"day":0,"utc":"13:25:00","flight":"F9778"},{"day":0,"utc":"09:11:00","flight":"F9882"},{"day":0,"utc":"19:51:00","flight":"F9214"},{"day":1,"utc":"05:16:00","flight":"F9661"},{"day":1,"utc":"03:51:00","flight":"F9855"},{"day":1,"utc":"06:50:00","flight":"F9730"},{"day":1,"utc":"18:54:00","flight":"F9447"},{"day":2,"utc":"06:23:00","flight":"F9299"},{"day":2,"utc":"15:59:00","flight":"F9935"},{"day":2,"utc":"06:45:00","flight":"F9984"},{"day":3,"utc":"17:32:00","flight":"F9694"},{"day":3,"utc":"22:33:00","flight":"F9226"},{"day":3,"utc":"17:44:00","flight":"F9045"},{"day":4,"utc":"12:29:00","flight":"F9939"},{"day":4,"utc":"14:10:00","flight":"F9307"},{"day":4,"utc":"13:22:00","flight":"F9835"},{"day":4,"utc":"10:58:00","flight":"F9946"},{"day":5,"utc":"06:42:00","flight":"F9054"},{"day":5,"utc":"15:21:00","flight":"F9142"},{"day":5,"utc":"16:56:00","flight":"F9329"},{"day":6,"utc":"04:05:00","flight":"F9269"},{"day":6,"utc":"20:33:00","flight":"F9773"},{"day":6,"utc":"13:16:00","flight":"F9432"},{"day":6,"utc":"16:20:00","flight":"F9644"},{"day":6,"utc":"19:14:00","flight":"F9400"}]}