{"id":59323,"type":"route","airline":"US","airlineid":"airline_5265","sourceairport":"GSO","destinationairport":"PHL","stops":0,"equipment":"E75 CRJ E70","schedule":[{"day":0,"utc":"07:19:00","flight":"US453"},{"day":0,"utc":"20:48:00","flight":"US075"},{"day":0,"utc":"23:49:00","flight":"US105"},{"day":0,"utc":"14:00:00","flight":"US098"},{"day":1,"utc":"06:09:00","flight":"US317"},{"day":1,"utc":"21:31:00","flight":"US088"},{"day":2,"utc":"16:48:00","flight":"US503"},{"day":2,"utc":"00:32:00","flight":"US737"},{"day":2,"utc":"10:33:00","flight":"US466"},{"day":2,"utc":"02:27:00","flight":"US393"},{"day":2,"utc":"21:08:00","flight":"US062"},{"day":3,"utc":"01:29:00","flight":"US344"},{"day":4,"utc":"10:43:00","flight":"US642"},{"day":4,"utc":"07:17:00","flight":"US086"},{"day":4,"utc":"15:01:00","flight":"US957"},{"day":5,"utc":"08:59:00","flight":"US788"},{"day":6,"utc":"18:25:00","flight":"US418"},{"day":6,"utc":"23:22:00","flight":"US592"},{"day":6,"utc":"15:27:00","flight":"US471"},{"day":6,"utc":"11:19:00","flight":"US558"},{"day":6,"utc":"05:43:00","flight":"US826"}]}