{"id":47489,"type":"route","airline":"QR","airlineid":"airline_4091","sourceairport":"JFK","destinationairport":"LAS","stops":0,"equipment":"738","schedule":[{"day":0,"utc":"14:56:00","flight":"QR648"},{"day":1,"utc":"20:06:00","flight":"QR547"},{"day":1,"utc":"20:50:00","flight":"QR177"},{"day":2,"utc":"22:41:00","flight":"QR518"},{"day":2,"utc":"12:53:00","flight":"QR412"},{"day":2,"utc":"19:04:00","flight":"QR092"},{"day":2,"utc":"01:44:00","flight":"QR827"},{"day":3,"utc":"17:57:00","flight":"QR657"},{"day":3,"utc":"06:20:00","flight":"QR143"},{"day":3,"utc":"14:14:00","flight":"QR045"},{"day":3,"utc":"02:24:00","flight":"QR965"},{"day":4,"utc":"02:37:00","flight":"QR876"},{"day":4,"utc":"20:52:00","flight":"QR429"},{"day":4,"utc":"12:17:00","flight":"QR932"},{"day":4,"utc":"11:58:00","flight":"QR758"},{"day":4,"utc":"23:36:00","flight":"QR765"},{"day":5,"utc":"03:44:00","flight":"QR618"},{"day":5,"utc":"19:50:00","flight":"QR540"},{"day":5,"utc":"00:53:00","flight":"QR231"},{"day":6,"utc":"20:35:00","flight":"QR719"},{"day":6,"utc":"05:34:00","flight":"QR067"}]}