{"id":13124,"type":"route","airline":"AZ","airlineid":"airline_596","sourceairport":"BWI","destinationairport":"ATL","stops":0,"equipment":"M88 757 M90 717","schedule":[{"day":0,"utc":"06:58:00","flight":"AZ248"},{"day":1,"utc":"05:55:00","flight":"AZ932"},{"day":1,"utc":"15:49:00","flight":"AZ164"},{"day":2,"utc":"15:21:00","flight":"AZ545"},{"day":2,"utc":"08:25:00","flight":"AZ673"},{"day":2,"utc":"01:33:00","flight":"AZ311"},{"day":2,"utc":"04:36:00","flight":"AZ286"},{"day":3,"utc":"09:45:00","flight":"AZ725"},{"day":4,"utc":"17:47:00","flight":"AZ985"},{"day":5,"utc":"21:24:00","flight":"AZ682"},{"day":6,"utc":"22:58:00","flight":"AZ410"},{"day":6,"utc":"13:23:00","flight":"AZ016"},{"day":6,"utc":"20:35:00","flight":"AZ083"},{"day":6,"utc":"17:44:00","flight":"AZ307"},{"day":6,"utc":"19:12:00","flight":"AZ131"}]}