{"id":9756,"type":"route","airline":"AF","airlineid":"airline_137","sourceairport":"MRS","destinationairport":"TUN","stops":0,"equipment":"319 320","schedule":[{"day":0,"utc":"10:32:00","flight":"AF038"},{"day":0,"utc":"12:40:00","flight":"AF582"},{"day":0,"utc":"05:21:00","flight":"AF029"},{"day":0,"utc":"06:32:00","flight":"AF002"},{"day":0,"utc":"17:06:00","flight":"AF559"},{"day":1,"utc":"13:48:00","flight":"AF533"},{"day":1,"utc":"02:56:00","flight":"AF725"},{"day":1,"utc":"05:45:00","flight":"AF116"},{"day":1,"utc":"04:02:00","flight":"AF347"},{"day":2,"utc":"18:08:00","flight":"AF535"},{"day":2,"utc":"22:25:00","flight":"AF434"},{"day":2,"utc":"23:15:00","flight":"AF524"},{"day":2,"utc":"19:32:00","flight":"AF116"},{"day":2,"utc":"07:21:00","flight":"AF670"},{"day":3,"utc":"12:20:00","flight":"AF861"},{"day":3,"utc":"12:20:00","flight":"AF310"},{"day":3,"utc":"01:35:00","flight":"AF520"},{"day":4,"utc":"12:42:00","flight":"AF992"},{"day":4,"utc":"06:44:00","flight":"AF109"},{"day":4,"utc":"19:38:00","flight":"AF726"},{"day":4,"utc":"17:42:00","flight":"AF122"},{"day":5,"utc":"16:11:00","flight":"AF106"},{"day":5,"utc":"04:54:00","flight":"AF967"},{"day":5,"utc":"11:05:00","flight":"AF536"},{"day":5,"utc":"18:08:00","flight":"AF832"},{"day":5,"utc":"05:51:00","flight":"AF942"},{"day":6,"utc":"04:19:00","flight":"AF082"}]}