{"id":12193,"type":"route","airline":"AT","airlineid":"airline_4248","sourceairport":"LHR","destinationairport":"TNG","stops":0,"equipment":"73G","schedule":[{"day":0,"utc":"20:19:00","flight":"AT743"},{"day":0,"utc":"19:26:00","flight":"AT572"},{"day":0,"utc":"05:37:00","flight":"AT967"},{"day":0,"utc":"20:40:00","flight":"AT075"},{"day":0,"utc":"22:59:00","flight":"AT955"},{"day":1,"utc":"04:40:00","flight":"AT112"},{"day":1,"utc":"23:12:00","flight":"AT130"},{"day":2,"utc":"03:39:00","flight":"AT104"},{"day":2,"utc":"01:24:00","flight":"AT100"},{"day":2,"utc":"23:34:00","flight":"AT192"},{"day":2,"utc":"09:15:00","flight":"AT746"},{"day":2,"utc":"08:12:00","flight":"AT825"},{"day":3,"utc":"07:28:00","flight":"AT714"},{"day":4,"utc":"01:50:00","flight":"AT457"},{"day":5,"utc":"18:21:00","flight":"AT206"},{"day":6,"utc":"06:31:00","flight":"AT897"},{"day":6,"utc":"07:46:00","flight":"AT815"}]}