{"id":30445,"type":"route","airline":"GS","airlineid":"airline_690","sourceairport":"URC","destinationairport":"HMI","stops":0,"equipment":"E90","schedule":[{"day":0,"utc":"09:58:00","flight":"GS177"},{"day":0,"utc":"23:08:00","flight":"GS365"},{"day":0,"utc":"20:31:00","flight":"GS211"},{"day":1,"utc":"13:20:00","flight":"GS818"},{"day":2,"utc":"12:34:00","flight":"GS510"},{"day":2,"utc":"15:21:00","flight":"GS012"},{"day":3,"utc":"00:33:00","flight":"GS977"},{"day":3,"utc":"05:32:00","flight":"GS542"},{"day":3,"utc":"22:24:00","flight":"GS455"},{"day":3,"utc":"03:29:00","flight":"GS323"},{"day":4,"utc":"12:44:00","flight":"GS173"},{"day":4,"utc":"00:10:00","flight":"GS970"},{"day":4,"utc":"11:27:00","flight":"GS853"},{"day":4,"utc":"13:12:00","flight":"GS964"},{"day":5,"utc":"19:08:00","flight":"GS278"},{"day":5,"utc":"09:53:00","flight":"GS354"},{"day":6,"utc":"16:02:00","flight":"GS659"},{"day":6,"utc":"23:41:00","flight":"GS140"},{"day":6,"utc":"09:57:00","flight":"GS131"}]}