{"id":55497,"type":"route","airline":"U2","airlineid":"airline_2297","sourceairport":"VCE","destinationairport":"MAN","stops":0,"equipment":"319","schedule":[{"day":0,"utc":"07:14:00","flight":"U2857"},{"day":0,"utc":"02:39:00","flight":"U2565"},{"day":0,"utc":"03:28:00","flight":"U2247"},{"day":0,"utc":"19:41:00","flight":"U2913"},{"day":0,"utc":"22:47:00","flight":"U2462"},{"day":1,"utc":"12:49:00","flight":"U2212"},{"day":1,"utc":"22:56:00","flight":"U2242"},{"day":1,"utc":"14:06:00","flight":"U2487"},{"day":2,"utc":"20:10:00","flight":"U2299"},{"day":2,"utc":"11:52:00","flight":"U2646"},{"day":2,"utc":"12:31:00","flight":"U2175"},{"day":2,"utc":"15:16:00","flight":"U2918"},{"day":3,"utc":"18:49:00","flight":"U2229"},{"day":3,"utc":"20:44:00","flight":"U2916"},{"day":3,"utc":"15:10:00","flight":"U2071"},{"day":3,"utc":"05:45:00","flight":"U2379"},{"day":4,"utc":"05:36:00","flight":"U2450"},{"day":4,"utc":"01:53:00","flight":"U2295"},{"day":4,"utc":"08:19:00","flight":"U2798"},{"day":4,"utc":"13:02:00","flight":"U2771"},{"day":4,"utc":"21:05:00","flight":"U2466"},{"day":5,"utc":"15:58:00","flight":"U2838"},{"day":5,"utc":"13:33:00","flight":"U2079"},{"day":5,"utc":"14:17:00","flight":"U2867"},{"day":5,"utc":"02:25:00","flight":"U2649"},{"day":5,"utc":"04:12:00","flight":"U2341"},{"day":6,"utc":"23:19:00","flight":"U2464"},{"day":6,"utc":"08:25:00","flight":"U2838"},{"day":6,"utc":"03:53:00","flight":"U2205"},{"day":6,"utc":"01:23:00","flight":"U2151"}]}