{"id":59013,"type":"route","airline":"US","airlineid":"airline_5265","sourceairport":"DFW","destinationairport":"ABI","stops":0,"equipment":"ERD ER4","schedule":[{"day":0,"utc":"08:56:00","flight":"US819"},{"day":0,"utc":"10:15:00","flight":"US355"},{"day":0,"utc":"11:20:00","flight":"US913"},{"day":1,"utc":"00:50:00","flight":"US314"},{"day":1,"utc":"18:13:00","flight":"US617"},{"day":2,"utc":"20:51:00","flight":"US341"},{"day":2,"utc":"20:00:00","flight":"US977"},{"day":2,"utc":"08:43:00","flight":"US778"},{"day":2,"utc":"07:50:00","flight":"US975"},{"day":3,"utc":"05:19:00","flight":"US574"},{"day":3,"utc":"21:56:00","flight":"US235"},{"day":3,"utc":"11:29:00","flight":"US896"},{"day":3,"utc":"12:26:00","flight":"US685"},{"day":4,"utc":"14:05:00","flight":"US694"},{"day":4,"utc":"03:23:00","flight":"US081"},{"day":4,"utc":"09:02:00","flight":"US512"},{"day":4,"utc":"23:28:00","flight":"US304"},{"day":4,"utc":"20:39:00","flight":"US058"},{"day":5,"utc":"23:36:00","flight":"US136"},{"day":6,"utc":"22:46:00","flight":"US598"},{"day":6,"utc":"02:01:00","flight":"US158"},{"day":6,"utc":"14:31:00","flight":"US006"}]}