{"id":46652,"type":"route","airline":"Q7","airlineid":"airline_N","sourceairport":"MHH","destinationairport":"FLL","stops":0,"equipment":"SF3","schedule":[{"day":0,"utc":"20:52:00","flight":"Q7142"},{"day":0,"utc":"07:54:00","flight":"Q7393"},{"day":0,"utc":"15:01:00","flight":"Q7391"},{"day":1,"utc":"02:27:00","flight":"Q7297"},{"day":1,"utc":"05:00:00","flight":"Q7114"},{"day":1,"utc":"07:29:00","flight":"Q7241"},{"day":1,"utc":"08:02:00","flight":"Q7841"},{"day":1,"utc":"09:35:00","flight":"Q7972"},{"day":2,"utc":"03:23:00","flight":"Q7444"},{"day":2,"utc":"18:27:00","flight":"Q7711"},{"day":2,"utc":"11:16:00","flight":"Q7997"},{"day":2,"utc":"07:08:00","flight":"Q7602"},{"day":2,"utc":"11:13:00","flight":"Q7159"},{"day":3,"utc":"22:02:00","flight":"Q7021"},{"day":3,"utc":"09:48:00","flight":"Q7812"},{"day":3,"utc":"09:45:00","flight":"Q7690"},{"day":4,"utc":"18:45:00","flight":"Q7652"},{"day":4,"utc":"23:23:00","flight":"Q7703"},{"day":4,"utc":"22:38:00","flight":"Q7192"},{"day":4,"utc":"02:55:00","flight":"Q7596"},{"day":5,"utc":"02:23:00","flight":"Q7910"},{"day":5,"utc":"22:58:00","flight":"Q7700"},{"day":5,"utc":"18:56:00","flight":"Q7427"},{"day":5,"utc":"04:34:00","flight":"Q7432"},{"day":6,"utc":"11:36:00","flight":"Q7904"},{"day":6,"utc":"14:31:00","flight":"Q7542"},{"day":6,"utc":"15:29:00","flight":"Q7696"},{"day":6,"utc":"23:03:00","flight":"Q7915"}]}