{"id":6685,"type":"route","airline":"AA","airlineid":"airline_24","sourceairport":"RSW","destinationairport":"ORD","stops":0,"equipment":"738 M80","schedule":[{"day":0,"utc":"22:21:00","flight":"AA513"},{"day":1,"utc":"18:01:00","flight":"AA464"},{"day":2,"utc":"11:52:00","flight":"AA993"},{"day":2,"utc":"08:38:00","flight":"AA595"},{"day":3,"utc":"02:24:00","flight":"AA707"},{"day":4,"utc":"09:28:00","flight":"AA692"},{"day":4,"utc":"00:50:00","flight":"AA781"},{"day":5,"utc":"04:17:00","flight":"AA075"},{"day":5,"utc":"05:04:00","flight":"AA917"},{"day":5,"utc":"18:36:00","flight":"AA852"},{"day":5,"utc":"07:12:00","flight":"AA175"},{"day":6,"utc":"09:09:00","flight":"AA956"},{"day":6,"utc":"08:12:00","flight":"AA391"},{"day":6,"utc":"10:05:00","flight":"AA629"},{"day":6,"utc":"05:31:00","flight":"AA476"},{"day":6,"utc":"06:40:00","flight":"AA096"}]}