{"id":22935,"type":"route","airline":"EI","airlineid":"airline_837","sourceairport":"DUB","destinationairport":"MCO","stops":0,"equipment":"330 332","schedule":[{"day":0,"utc":"16:39:00","flight":"EI885"},{"day":0,"utc":"13:25:00","flight":"EI583"},{"day":0,"utc":"03:16:00","flight":"EI954"},{"day":1,"utc":"18:40:00","flight":"EI420"},{"day":2,"utc":"06:00:00","flight":"EI324"},{"day":2,"utc":"18:49:00","flight":"EI055"},{"day":2,"utc":"18:23:00","flight":"EI686"},{"day":2,"utc":"18:02:00","flight":"EI238"},{"day":2,"utc":"03:13:00","flight":"EI214"},{"day":3,"utc":"17:36:00","flight":"EI082"},{"day":3,"utc":"17:36:00","flight":"EI604"},{"day":3,"utc":"20:40:00","flight":"EI689"},{"day":3,"utc":"17:58:00","flight":"EI941"},{"day":4,"utc":"05:19:00","flight":"EI697"},{"day":4,"utc":"09:44:00","flight":"EI777"},{"day":4,"utc":"22:52:00","flight":"EI792"},{"day":4,"utc":"03:36:00","flight":"EI276"},{"day":5,"utc":"19:56:00","flight":"EI821"},{"day":5,"utc":"14:27:00","flight":"EI779"},{"day":5,"utc":"22:45:00","flight":"EI051"},{"day":5,"utc":"16:40:00","flight":"EI841"},{"day":6,"utc":"00:21:00","flight":"EI332"}]}