{"id":21555,"type":"route","airline":"DL","airlineid":"airline_2009","sourceairport":"ORF","destinationairport":"MSP","stops":0,"equipment":"CR7","schedule":[{"day":0,"utc":"06:20:00","flight":"DL351"},{"day":0,"utc":"17:09:00","flight":"DL919"},{"day":0,"utc":"13:46:00","flight":"DL724"},{"day":0,"utc":"18:23:00","flight":"DL230"},{"day":0,"utc":"09:22:00","flight":"DL817"},{"day":1,"utc":"20:36:00","flight":"DL335"},{"day":1,"utc":"11:59:00","flight":"DL658"},{"day":1,"utc":"17:01:00","flight":"DL052"},{"day":1,"utc":"17:09:00","flight":"DL180"},{"day":1,"utc":"19:21:00","flight":"DL738"},{"day":2,"utc":"01:28:00","flight":"DL233"},{"day":2,"utc":"11:36:00","flight":"DL699"},{"day":2,"utc":"20:23:00","flight":"DL400"},{"day":2,"utc":"17:44:00","flight":"DL368"},{"day":2,"utc":"04:30:00","flight":"DL542"},{"day":3,"utc":"18:28:00","flight":"DL501"},{"day":3,"utc":"12:25:00","flight":"DL015"},{"day":4,"utc":"17:10:00","flight":"DL120"},{"day":4,"utc":"00:34:00","flight":"DL658"},{"day":4,"utc":"09:36:00","flight":"DL611"},{"day":4,"utc":"00:35:00","flight":"DL323"},{"day":5,"utc":"06:43:00","flight":"DL960"},{"day":5,"utc":"16:25:00","flight":"DL792"},{"day":5,"utc":"21:33:00","flight":"DL012"},{"day":5,"utc":"21:04:00","flight":"DL353"},{"day":6,"utc":"17:10:00","flight":"DL388"},{"day":6,"utc":"16:56:00","flight":"DL042"},{"day":6,"utc":"13:54:00","flight":"DL245"},{"day":6,"utc":"03:31:00","flight":"DL012"},{"day":6,"utc":"22:43:00","flight":"DL031"}]}