{"id":64638,"type":"route","airline":"WS","airlineid":"airline_5416","sourceairport":"ORD","destinationairport":"YYC","stops":0,"equipment":"73W","schedule":[{"day":0,"utc":"01:29:00","flight":"WS389"},{"day":0,"utc":"22:15:00","flight":"WS154"},{"day":1,"utc":"04:44:00","flight":"WS435"},{"day":1,"utc":"04:51:00","flight":"WS941"},{"day":1,"utc":"04:54:00","flight":"WS528"},{"day":1,"utc":"19:39:00","flight":"WS008"},{"day":2,"utc":"02:34:00","flight":"WS210"},{"day":2,"utc":"02:27:00","flight":"WS928"},{"day":3,"utc":"23:11:00","flight":"WS018"},{"day":4,"utc":"10:41:00","flight":"WS021"},{"day":4,"utc":"18:32:00","flight":"WS211"},{"day":4,"utc":"08:44:00","flight":"WS078"},{"day":4,"utc":"04:19:00","flight":"WS270"},{"day":5,"utc":"00:53:00","flight":"WS284"},{"day":5,"utc":"04:36:00","flight":"WS847"},{"day":6,"utc":"10:21:00","flight":"WS214"},{"day":6,"utc":"00:55:00","flight":"WS013"},{"day":6,"utc":"02:05:00","flight":"WS878"},{"day":6,"utc":"02:33:00","flight":"WS697"}]}