{"id":62023,"type":"route","airline":"VX","airlineid":"airline_5331","sourceairport":"ORD","destinationairport":"SFO","stops":0,"equipment":"320","schedule":[{"day":0,"utc":"00:01:00","flight":"VX424"},{"day":1,"utc":"01:35:00","flight":"VX420"},{"day":1,"utc":"00:48:00","flight":"VX398"},{"day":1,"utc":"22:18:00","flight":"VX677"},{"day":1,"utc":"20:29:00","flight":"VX744"},{"day":1,"utc":"13:06:00","flight":"VX840"},{"day":2,"utc":"13:55:00","flight":"VX715"},{"day":3,"utc":"12:06:00","flight":"VX064"},{"day":3,"utc":"07:11:00","flight":"VX838"},{"day":3,"utc":"05:01:00","flight":"VX582"},{"day":4,"utc":"10:55:00","flight":"VX896"},{"day":4,"utc":"20:18:00","flight":"VX761"},{"day":4,"utc":"03:02:00","flight":"VX515"},{"day":4,"utc":"02:07:00","flight":"VX988"},{"day":5,"utc":"17:18:00","flight":"VX444"},{"day":5,"utc":"20:30:00","flight":"VX552"},{"day":5,"utc":"16:44:00","flight":"VX135"},{"day":5,"utc":"13:18:00","flight":"VX271"},{"day":6,"utc":"16:37:00","flight":"VX490"},{"day":6,"utc":"16:03:00","flight":"VX366"},{"day":6,"utc":"03:27:00","flight":"VX789"},{"day":6,"utc":"23:49:00","flight":"VX600"},{"day":6,"utc":"03:28:00","flight":"VX549"}]}