{"id":21436,"type":"route","airline":"DL","airlineid":"airline_2009","sourceairport":"MSP","destinationairport":"ROC","stops":0,"equipment":"CR7","schedule":[{"day":0,"utc":"13:34:00","flight":"DL127"},{"day":0,"utc":"17:13:00","flight":"DL953"},{"day":0,"utc":"23:52:00","flight":"DL176"},{"day":0,"utc":"14:37:00","flight":"DL131"},{"day":0,"utc":"03:31:00","flight":"DL749"},{"day":1,"utc":"19:24:00","flight":"DL456"},{"day":1,"utc":"17:12:00","flight":"DL917"},{"day":1,"utc":"23:47:00","flight":"DL089"},{"day":1,"utc":"03:54:00","flight":"DL615"},{"day":1,"utc":"22:44:00","flight":"DL002"},{"day":2,"utc":"06:41:00","flight":"DL275"},{"day":3,"utc":"12:28:00","flight":"DL624"},{"day":3,"utc":"21:34:00","flight":"DL402"},{"day":4,"utc":"02:09:00","flight":"DL001"},{"day":4,"utc":"03:57:00","flight":"DL600"},{"day":4,"utc":"01:54:00","flight":"DL372"},{"day":5,"utc":"14:40:00","flight":"DL916"},{"day":5,"utc":"03:51:00","flight":"DL076"},{"day":5,"utc":"00:20:00","flight":"DL388"},{"day":5,"utc":"04:16:00","flight":"DL237"},{"day":6,"utc":"11:11:00","flight":"DL990"},{"day":6,"utc":"06:02:00","flight":"DL953"}]}