{"id":37868,"type":"route","airline":"LG","airlineid":"airline_3329","sourceairport":"CLY","destinationairport":"LUX","stops":0,"equipment":"DH4","schedule":[{"day":0,"utc":"02:25:00","flight":"LG147"},{"day":0,"utc":"00:50:00","flight":"LG402"},{"day":0,"utc":"23:37:00","flight":"LG657"},{"day":0,"utc":"04:53:00","flight":"LG960"},{"day":0,"utc":"02:08:00","flight":"LG910"},{"day":1,"utc":"17:14:00","flight":"LG213"},{"day":1,"utc":"03:48:00","flight":"LG459"},{"day":1,"utc":"02:09:00","flight":"LG726"},{"day":1,"utc":"18:00:00","flight":"LG861"},{"day":1,"utc":"20:13:00","flight":"LG878"},{"day":2,"utc":"22:39:00","flight":"LG680"},{"day":3,"utc":"17:08:00","flight":"LG879"},{"day":3,"utc":"17:04:00","flight":"LG324"},{"day":3,"utc":"21:11:00","flight":"LG970"},{"day":4,"utc":"20:01:00","flight":"LG496"},{"day":4,"utc":"21:11:00","flight":"LG893"},{"day":5,"utc":"07:26:00","flight":"LG601"},{"day":5,"utc":"08:44:00","flight":"LG083"},{"day":5,"utc":"02:24:00","flight":"LG034"},{"day":5,"utc":"11:27:00","flight":"LG642"},{"day":6,"utc":"10:42:00","flight":"LG282"},{"day":6,"utc":"07:34:00","flight":"LG016"},{"day":6,"utc":"19:09:00","flight":"LG138"},{"day":6,"utc":"02:12:00","flight":"LG005"},{"day":6,"utc":"21:57:00","flight":"LG835"}]}