{"id":24472,"type":"route","airline":"F9","airlineid":"airline_2468","sourceairport":"OMA","destinationairport":"DEN","stops":0,"equipment":"319","schedule":[{"day":0,"utc":"20:16:00","flight":"F9513"},{"day":0,"utc":"05:44:00","flight":"F9652"},{"day":0,"utc":"14:15:00","flight":"F9105"},{"day":0,"utc":"18:47:00","flight":"F9078"},{"day":1,"utc":"12:20:00","flight":"F9840"},{"day":1,"utc":"04:04:00","flight":"F9203"},{"day":1,"utc":"05:56:00","flight":"F9656"},{"day":1,"utc":"13:45:00","flight":"F9913"},{"day":2,"utc":"06:11:00","flight":"F9880"},{"day":2,"utc":"03:01:00","flight":"F9108"},{"day":2,"utc":"17:28:00","flight":"F9110"},{"day":2,"utc":"05:29:00","flight":"F9868"},{"day":2,"utc":"21:16:00","flight":"F9775"},{"day":3,"utc":"17:35:00","flight":"F9963"},{"day":3,"utc":"13:15:00","flight":"F9862"},{"day":4,"utc":"17:38:00","flight":"F9234"},{"day":5,"utc":"11:57:00","flight":"F9646"},{"day":5,"utc":"16:55:00","flight":"F9613"},{"day":5,"utc":"10:59:00","flight":"F9998"},{"day":5,"utc":"02:25:00","flight":"F9666"},{"day":6,"utc":"14:59:00","flight":"F9047"},{"day":6,"utc":"22:11:00","flight":"F9898"},{"day":6,"utc":"08:12:00","flight":"F9398"}]}