{"id":6504,"type":"route","airline":"AA","airlineid":"airline_24","sourceairport":"PHL","destinationairport":"SWF","stops":0,"equipment":"DH3","schedule":[{"day":0,"utc":"02:41:00","flight":"AA043"},{"day":0,"utc":"19:56:00","flight":"AA996"},{"day":0,"utc":"16:23:00","flight":"AA827"},{"day":0,"utc":"23:59:00","flight":"AA322"},{"day":1,"utc":"02:31:00","flight":"AA758"},{"day":1,"utc":"14:23:00","flight":"AA228"},{"day":1,"utc":"13:16:00","flight":"AA293"},{"day":2,"utc":"21:15:00","flight":"AA594"},{"day":2,"utc":"19:11:00","flight":"AA705"},{"day":2,"utc":"01:41:00","flight":"AA226"},{"day":2,"utc":"09:24:00","flight":"AA645"},{"day":3,"utc":"09:13:00","flight":"AA765"},{"day":3,"utc":"21:33:00","flight":"AA120"},{"day":3,"utc":"08:31:00","flight":"AA785"},{"day":4,"utc":"18:33:00","flight":"AA558"},{"day":4,"utc":"21:13:00","flight":"AA919"},{"day":4,"utc":"15:23:00","flight":"AA996"},{"day":4,"utc":"00:29:00","flight":"AA415"},{"day":5,"utc":"07:23:00","flight":"AA608"},{"day":5,"utc":"17:37:00","flight":"AA317"},{"day":6,"utc":"03:19:00","flight":"AA908"},{"day":6,"utc":"07:54:00","flight":"AA174"},{"day":6,"utc":"16:00:00","flight":"AA461"},{"day":6,"utc":"04:19:00","flight":"AA377"},{"day":6,"utc":"19:09:00","flight":"AA758"}]}