{"id":63434,"type":"route","airline":"WN","airlineid":"airline_4547","sourceairport":"ALB","destinationairport":"MDW","stops":0,"equipment":"73W 73H","schedule":[{"day":0,"utc":"10:26:00","flight":"WN915"},{"day":0,"utc":"12:48:00","flight":"WN884"},{"day":0,"utc":"11:46:00","flight":"WN722"},{"day":1,"utc":"20:19:00","flight":"WN971"},{"day":2,"utc":"00:36:00","flight":"WN982"},{"day":2,"utc":"21:13:00","flight":"WN046"},{"day":3,"utc":"19:22:00","flight":"WN776"},{"day":3,"utc":"15:00:00","flight":"WN692"},{"day":3,"utc":"01:14:00","flight":"WN231"},{"day":4,"utc":"00:21:00","flight":"WN734"},{"day":4,"utc":"05:49:00","flight":"WN807"},{"day":4,"utc":"04:28:00","flight":"WN537"},{"day":5,"utc":"21:50:00","flight":"WN807"},{"day":5,"utc":"22:07:00","flight":"WN602"},{"day":6,"utc":"19:26:00","flight":"WN726"},{"day":6,"utc":"14:29:00","flight":"WN769"},{"day":6,"utc":"23:31:00","flight":"WN434"}]}