{"id":53505,"type":"route","airline":"TOM","airlineid":"airline_5013","sourceairport":"EMA","destinationairport":"ACE","stops":0,"equipment":"73H","schedule":[{"day":0,"utc":"09:21:00","flight":"TOM522"},{"day":0,"utc":"08:11:00","flight":"TOM639"},{"day":0,"utc":"10:38:00","flight":"TOM291"},{"day":1,"utc":"15:03:00","flight":"TOM404"},{"day":2,"utc":"12:48:00","flight":"TOM941"},{"day":2,"utc":"19:58:00","flight":"TOM243"},{"day":2,"utc":"08:52:00","flight":"TOM923"},{"day":2,"utc":"00:46:00","flight":"TOM517"},{"day":2,"utc":"00:01:00","flight":"TOM619"},{"day":3,"utc":"19:23:00","flight":"TOM177"},{"day":3,"utc":"22:14:00","flight":"TOM265"},{"day":3,"utc":"13:49:00","flight":"TOM492"},{"day":3,"utc":"01:27:00","flight":"TOM915"},{"day":4,"utc":"09:18:00","flight":"TOM159"},{"day":4,"utc":"06:04:00","flight":"TOM744"},{"day":5,"utc":"08:05:00","flight":"TOM889"},{"day":5,"utc":"22:12:00","flight":"TOM482"},{"day":5,"utc":"08:23:00","flight":"TOM944"},{"day":5,"utc":"08:18:00","flight":"TOM223"},{"day":5,"utc":"14:49:00","flight":"TOM817"},{"day":6,"utc":"02:22:00","flight":"TOM151"},{"day":6,"utc":"16:58:00","flight":"TOM657"}]}