{"id":25079,"type":"route","airline":"FL","airlineid":"airline_1316","sourceairport":"FLL","destinationairport":"ATL","stops":0,"equipment":"717","schedule":[{"day":0,"utc":"09:32:00","flight":"FL188"},{"day":0,"utc":"05:28:00","flight":"FL977"},{"day":0,"utc":"11:38:00","flight":"FL241"},{"day":0,"utc":"18:11:00","flight":"FL717"},{"day":1,"utc":"12:13:00","flight":"FL801"},{"day":2,"utc":"23:26:00","flight":"FL345"},{"day":2,"utc":"23:08:00","flight":"FL593"},{"day":3,"utc":"23:46:00","flight":"FL820"},{"day":3,"utc":"22:57:00","flight":"FL203"},{"day":3,"utc":"23:40:00","flight":"FL486"},{"day":3,"utc":"22:31:00","flight":"FL401"},{"day":3,"utc":"23:02:00","flight":"FL558"},{"day":4,"utc":"00:59:00","flight":"FL060"},{"day":4,"utc":"07:07:00","flight":"FL293"},{"day":5,"utc":"11:21:00","flight":"FL604"},{"day":6,"utc":"09:07:00","flight":"FL511"},{"day":6,"utc":"16:09:00","flight":"FL205"},{"day":6,"utc":"23:48:00","flight":"FL659"},{"day":6,"utc":"13:09:00","flight":"FL829"}]}