{"id":39112,"type":"route","airline":"LO","airlineid":"airline_3210","sourceairport":"NCE","destinationairport":"WAW","stops":0,"equipment":"E75","schedule":[{"day":0,"utc":"02:25:00","flight":"LO267"},{"day":0,"utc":"22:49:00","flight":"LO899"},{"day":0,"utc":"22:06:00","flight":"LO414"},{"day":0,"utc":"19:29:00","flight":"LO131"},{"day":0,"utc":"05:56:00","flight":"LO469"},{"day":1,"utc":"13:29:00","flight":"LO255"},{"day":2,"utc":"19:46:00","flight":"LO711"},{"day":2,"utc":"16:26:00","flight":"LO886"},{"day":2,"utc":"07:51:00","flight":"LO032"},{"day":3,"utc":"15:46:00","flight":"LO896"},{"day":3,"utc":"06:04:00","flight":"LO750"},{"day":3,"utc":"04:16:00","flight":"LO855"},{"day":3,"utc":"16:31:00","flight":"LO726"},{"day":3,"utc":"22:14:00","flight":"LO693"},{"day":4,"utc":"15:03:00","flight":"LO904"},{"day":5,"utc":"12:57:00","flight":"LO265"},{"day":5,"utc":"06:43:00","flight":"LO457"},{"day":5,"utc":"17:33:00","flight":"LO403"},{"day":5,"utc":"06:59:00","flight":"LO641"},{"day":6,"utc":"20:56:00","flight":"LO010"}]}