{"id":22697,"type":"route","airline":"DY","airlineid":"airline_3737","sourceairport":"SVG","destinationairport":"MAN","stops":0,"equipment":"73H","schedule":[{"day":0,"utc":"14:21:00","flight":"DY952"},{"day":1,"utc":"04:58:00","flight":"DY237"},{"day":2,"utc":"17:00:00","flight":"DY270"},{"day":3,"utc":"21:09:00","flight":"DY475"},{"day":4,"utc":"02:56:00","flight":"DY533"},{"day":4,"utc":"20:16:00","flight":"DY755"},{"day":5,"utc":"22:58:00","flight":"DY112"},{"day":5,"utc":"00:10:00","flight":"DY297"},{"day":5,"utc":"12:15:00","flight":"DY544"},{"day":5,"utc":"13:32:00","flight":"DY863"},{"day":5,"utc":"04:02:00","flight":"DY405"},{"day":6,"utc":"02:10:00","flight":"DY464"},{"day":6,"utc":"02:42:00","flight":"DY490"},{"day":6,"utc":"07:22:00","flight":"DY666"}]}