{"id":14089,"type":"route","airline":"B6","airlineid":"airline_3029","sourceairport":"JFK","destinationairport":"POP","stops":0,"equipment":"320","schedule":[{"day":0,"utc":"19:17:00","flight":"B6556"},{"day":0,"utc":"20:37:00","flight":"B6432"},{"day":1,"utc":"23:34:00","flight":"B6230"},{"day":2,"utc":"06:31:00","flight":"B6778"},{"day":2,"utc":"21:21:00","flight":"B6482"},{"day":3,"utc":"04:56:00","flight":"B6774"},{"day":3,"utc":"19:10:00","flight":"B6828"},{"day":3,"utc":"12:08:00","flight":"B6061"},{"day":4,"utc":"10:58:00","flight":"B6786"},{"day":4,"utc":"22:24:00","flight":"B6410"},{"day":4,"utc":"02:25:00","flight":"B6977"},{"day":4,"utc":"21:46:00","flight":"B6118"},{"day":5,"utc":"01:45:00","flight":"B6611"},{"day":5,"utc":"05:43:00","flight":"B6464"},{"day":5,"utc":"09:13:00","flight":"B6322"},{"day":5,"utc":"07:25:00","flight":"B6423"},{"day":6,"utc":"15:19:00","flight":"B6193"},{"day":6,"utc":"21:58:00","flight":"B6086"},{"day":6,"utc":"13:16:00","flight":"B6381"},{"day":6,"utc":"06:53:00","flight":"B6166"},{"day":6,"utc":"12:44:00","flight":"B6024"}]}