{"id":36539,"type":"route","airline":"KL","airlineid":"airline_3090","sourceairport":"CFE","destinationairport":"AMS","stops":0,"equipment":"ERJ","schedule":[{"day":0,"utc":"16:56:00","flight":"KL239"},{"day":0,"utc":"08:37:00","flight":"KL663"},{"day":1,"utc":"20:02:00","flight":"KL860"},{"day":1,"utc":"03:43:00","flight":"KL056"},{"day":1,"utc":"02:22:00","flight":"KL985"},{"day":1,"utc":"21:40:00","flight":"KL986"},{"day":2,"utc":"06:46:00","flight":"KL721"},{"day":3,"utc":"17:43:00","flight":"KL686"},{"day":3,"utc":"11:55:00","flight":"KL219"},{"day":3,"utc":"21:47:00","flight":"KL928"},{"day":3,"utc":"14:14:00","flight":"KL606"},{"day":4,"utc":"05:14:00","flight":"KL737"},{"day":4,"utc":"06:57:00","flight":"KL726"},{"day":4,"utc":"00:00:00","flight":"KL832"},{"day":5,"utc":"19:36:00","flight":"KL435"},{"day":5,"utc":"16:00:00","flight":"KL947"},{"day":5,"utc":"17:57:00","flight":"KL045"},{"day":5,"utc":"10:56:00","flight":"KL149"},{"day":5,"utc":"04:18:00","flight":"KL442"},{"day":6,"utc":"06:39:00","flight":"KL604"},{"day":6,"utc":"08:09:00","flight":"KL203"}]}