{"id":14506,"type":"route","airline":"BA","airlineid":"airline_1355","sourceairport":"EDI","destinationairport":"LCY","stops":0,"equipment":"E90 E70","schedule":[{"day":0,"utc":"11:02:00","flight":"BA434"},{"day":0,"utc":"08:50:00","flight":"BA503"},{"day":1,"utc":"02:35:00","flight":"BA204"},{"day":2,"utc":"10:34:00","flight":"BA347"},{"day":2,"utc":"03:54:00","flight":"BA540"},{"day":2,"utc":"01:08:00","flight":"BA001"},{"day":2,"utc":"17:06:00","flight":"BA787"},{"day":3,"utc":"18:59:00","flight":"BA579"},{"day":4,"utc":"07:32:00","flight":"BA777"},{"day":4,"utc":"15:42:00","flight":"BA401"},{"day":5,"utc":"21:32:00","flight":"BA774"},{"day":5,"utc":"05:46:00","flight":"BA672"},{"day":5,"utc":"16:47:00","flight":"BA260"},{"day":5,"utc":"16:12:00","flight":"BA759"},{"day":5,"utc":"06:20:00","flight":"BA297"},{"day":6,"utc":"04:03:00","flight":"BA282"},{"day":6,"utc":"22:19:00","flight":"BA242"}]}