{"id":35524,"type":"route","airline":"K3","airlineid":"airline_N","sourceairport":"KTN","destinationairport":"KTB","stops":0,"equipment":"DHP","schedule":[{"day":0,"utc":"03:39:00","flight":"K3483"},{"day":0,"utc":"05:36:00","flight":"K3245"},{"day":1,"utc":"20:59:00","flight":"K3047"},{"day":1,"utc":"21:18:00","flight":"K3618"},{"day":2,"utc":"16:44:00","flight":"K3976"},{"day":3,"utc":"17:46:00","flight":"K3148"},{"day":4,"utc":"13:28:00","flight":"K3238"},{"day":4,"utc":"21:31:00","flight":"K3076"},{"day":4,"utc":"08:44:00","flight":"K3886"},{"day":4,"utc":"17:49:00","flight":"K3399"},{"day":4,"utc":"21:23:00","flight":"K3661"},{"day":5,"utc":"21:14:00","flight":"K3866"},{"day":5,"utc":"05:52:00","flight":"K3247"},{"day":6,"utc":"09:26:00","flight":"K3455"}]}