{"id":45885,"type":"route","airline":"PK","airlineid":"airline_3871","sourceairport":"LHR","destinationairport":"KHI","stops":0,"equipment":"777","schedule":[{"day":0,"utc":"17:42:00","flight":"PK637"},{"day":0,"utc":"03:03:00","flight":"PK619"},{"day":0,"utc":"23:30:00","flight":"PK255"},{"day":1,"utc":"11:59:00","flight":"PK934"},{"day":1,"utc":"01:02:00","flight":"PK032"},{"day":1,"utc":"21:23:00","flight":"PK380"},{"day":1,"utc":"19:03:00","flight":"PK818"},{"day":2,"utc":"20:16:00","flight":"PK988"},{"day":2,"utc":"07:51:00","flight":"PK705"},{"day":3,"utc":"09:08:00","flight":"PK588"},{"day":3,"utc":"04:27:00","flight":"PK991"},{"day":3,"utc":"13:59:00","flight":"PK549"},{"day":3,"utc":"06:13:00","flight":"PK304"},{"day":4,"utc":"08:27:00","flight":"PK358"},{"day":4,"utc":"01:39:00","flight":"PK679"},{"day":4,"utc":"10:56:00","flight":"PK478"},{"day":5,"utc":"07:10:00","flight":"PK797"},{"day":5,"utc":"04:07:00","flight":"PK073"},{"day":5,"utc":"10:00:00","flight":"PK864"},{"day":5,"utc":"13:22:00","flight":"PK315"},{"day":5,"utc":"13:12:00","flight":"PK533"},{"day":6,"utc":"03:24:00","flight":"PK328"}]}