{"id":20966,"type":"route","airline":"DL","airlineid":"airline_2009","sourceairport":"JFK","destinationairport":"NAS","stops":0,"equipment":"M88","schedule":[{"day":0,"utc":"18:47:00","flight":"DL816"},{"day":0,"utc":"17:40:00","flight":"DL048"},{"day":1,"utc":"17:47:00","flight":"DL259"},{"day":1,"utc":"04:44:00","flight":"DL806"},{"day":1,"utc":"16:54:00","flight":"DL664"},{"day":2,"utc":"18:29:00","flight":"DL018"},{"day":2,"utc":"09:24:00","flight":"DL476"},{"day":2,"utc":"09:43:00","flight":"DL452"},{"day":3,"utc":"13:52:00","flight":"DL823"},{"day":3,"utc":"05:46:00","flight":"DL110"},{"day":4,"utc":"15:01:00","flight":"DL513"},{"day":4,"utc":"22:05:00","flight":"DL486"},{"day":4,"utc":"17:00:00","flight":"DL874"},{"day":4,"utc":"02:05:00","flight":"DL637"},{"day":5,"utc":"01:31:00","flight":"DL893"},{"day":5,"utc":"08:10:00","flight":"DL176"},{"day":6,"utc":"05:10:00","flight":"DL485"},{"day":6,"utc":"08:27:00","flight":"DL295"},{"day":6,"utc":"15:14:00","flight":"DL432"},{"day":6,"utc":"10:52:00","flight":"DL669"},{"day":6,"utc":"06:54:00","flight":"DL299"}]}