{"id":14726,"type":"route","airline":"BA","airlineid":"airline_1355","sourceairport":"LHR","destinationairport":"JMK","stops":0,"equipment":"320","schedule":[{"day":0,"utc":"20:18:00","flight":"BA516"},{"day":1,"utc":"22:42:00","flight":"BA940"},{"day":2,"utc":"15:29:00","flight":"BA595"},{"day":2,"utc":"13:05:00","flight":"BA141"},{"day":2,"utc":"13:13:00","flight":"BA042"},{"day":2,"utc":"16:37:00","flight":"BA182"},{"day":3,"utc":"04:42:00","flight":"BA311"},{"day":4,"utc":"09:57:00","flight":"BA762"},{"day":4,"utc":"16:00:00","flight":"BA131"},{"day":5,"utc":"09:00:00","flight":"BA103"},{"day":5,"utc":"09:41:00","flight":"BA208"},{"day":5,"utc":"16:45:00","flight":"BA510"},{"day":5,"utc":"02:32:00","flight":"BA260"},{"day":5,"utc":"11:10:00","flight":"BA529"},{"day":6,"utc":"19:43:00","flight":"BA330"},{"day":6,"utc":"22:15:00","flight":"BA957"},{"day":6,"utc":"08:20:00","flight":"BA542"},{"day":6,"utc":"09:29:00","flight":"BA012"}]}