{"id":57597,"type":"route","airline":"UA","airlineid":"airline_5209","sourceairport":"SBA","destinationairport":"DEN","stops":0,"equipment":"CRJ","schedule":[{"day":0,"utc":"05:35:00","flight":"UA509"},{"day":1,"utc":"16:10:00","flight":"UA200"},{"day":1,"utc":"01:59:00","flight":"UA422"},{"day":1,"utc":"19:03:00","flight":"UA688"},{"day":1,"utc":"09:57:00","flight":"UA697"},{"day":1,"utc":"23:27:00","flight":"UA382"},{"day":2,"utc":"12:15:00","flight":"UA648"},{"day":3,"utc":"08:37:00","flight":"UA983"},{"day":3,"utc":"01:35:00","flight":"UA338"},{"day":3,"utc":"11:45:00","flight":"UA102"},{"day":4,"utc":"14:52:00","flight":"UA882"},{"day":4,"utc":"08:44:00","flight":"UA789"},{"day":4,"utc":"15:56:00","flight":"UA289"},{"day":5,"utc":"13:32:00","flight":"UA418"},{"day":5,"utc":"17:14:00","flight":"UA659"},{"day":6,"utc":"05:37:00","flight":"UA837"}]}