{"id":55813,"type":"route","airline":"UA","airlineid":"airline_5209","sourceairport":"AUA","destinationairport":"EWR","stops":0,"equipment":"753 739","schedule":[{"day":0,"utc":"11:47:00","flight":"UA923"},{"day":1,"utc":"08:14:00","flight":"UA482"},{"day":2,"utc":"13:47:00","flight":"UA955"},{"day":2,"utc":"02:43:00","flight":"UA997"},{"day":3,"utc":"03:24:00","flight":"UA534"},{"day":3,"utc":"19:28:00","flight":"UA553"},{"day":3,"utc":"23:00:00","flight":"UA970"},{"day":3,"utc":"13:49:00","flight":"UA972"},{"day":4,"utc":"15:20:00","flight":"UA856"},{"day":5,"utc":"04:21:00","flight":"UA804"},{"day":5,"utc":"02:16:00","flight":"UA423"},{"day":5,"utc":"13:40:00","flight":"UA392"},{"day":6,"utc":"14:29:00","flight":"UA176"},{"day":6,"utc":"21:08:00","flight":"UA695"},{"day":6,"utc":"12:30:00","flight":"UA443"},{"day":6,"utc":"05:36:00","flight":"UA149"}]}