{"id":21743,"type":"route","airline":"DL","airlineid":"airline_2009","sourceairport":"SEA","destinationairport":"SAN","stops":0,"equipment":"73H 73J 734 739 73G","schedule":[{"day":0,"utc":"08:22:00","flight":"DL114"},{"day":0,"utc":"19:46:00","flight":"DL231"},{"day":0,"utc":"00:00:00","flight":"DL075"},{"day":1,"utc":"15:30:00","flight":"DL159"},{"day":1,"utc":"14:33:00","flight":"DL681"},{"day":1,"utc":"01:28:00","flight":"DL005"},{"day":1,"utc":"04:26:00","flight":"DL666"},{"day":2,"utc":"18:34:00","flight":"DL977"},{"day":2,"utc":"00:02:00","flight":"DL387"},{"day":2,"utc":"03:41:00","flight":"DL242"},{"day":2,"utc":"23:11:00","flight":"DL577"},{"day":3,"utc":"08:09:00","flight":"DL423"},{"day":3,"utc":"22:32:00","flight":"DL060"},{"day":3,"utc":"04:51:00","flight":"DL108"},{"day":3,"utc":"09:06:00","flight":"DL154"},{"day":4,"utc":"19:07:00","flight":"DL098"},{"day":5,"utc":"14:40:00","flight":"DL166"},{"day":5,"utc":"01:53:00","flight":"DL658"},{"day":5,"utc":"16:08:00","flight":"DL186"},{"day":5,"utc":"14:47:00","flight":"DL426"},{"day":6,"utc":"14:52:00","flight":"DL353"},{"day":6,"utc":"22:06:00","flight":"DL783"},{"day":6,"utc":"00:04:00","flight":"DL999"}]}